_id,Nom_etablissement,Nom_installation,No_permis_installation,Nombre_de_civieres_fonctionnelles,Nombre_de_civieres_occupees,Nombre_de_patients_sur_civiere_plus_de_24_heures,Nombre_de_patients_sur_civiere_plus_de_48_heures,Heure_de_l'extraction_(image),Mise_a_jour
1,SANTÉ QUÉBEC BAS-SAINT-LAURENT,HÔPITAL DE MATANE,51218980,7,2,0,0,22:00:00,2026-08-20T22:45
2,SANTÉ QUÉBEC BAS-SAINT-LAURENT,HÔPITAL D'AMQUI,51226892,6,4,0,0,22:00:00,2026-08-20T22:45
3,SANTÉ QUÉBEC BAS-SAINT-LAURENT,HÔPITAL RÉGIONAL DE RIMOUSKI,51227882,12,12,0,0,22:00:00,2026-08-20T22:45
4,SANTÉ QUÉBEC BAS-SAINT-LAURENT,CENTRE MULTISERVICES DE SANTÉ ET DE SERVICES SOCIAUX DE TROIS-PISTOLES,51220499,3,2,0,0,22:00:00,2026-08-20T22:45
5,SANTÉ QUÉBEC BAS-SAINT-LAURENT,CENTRE HOSPITALIER RÉGIONAL DU GRAND-PORTAGE,51218352,9,5,0,0,22:00:00,2026-08-20T22:45
6,SANTÉ QUÉBEC BAS-SAINT-LAURENT,HÔPITAL DE NOTRE-DAME-DU-LAC,51221877,5,2,0,0,22:00:00,2026-08-20T22:45
7,SANTÉ QUÉBEC BAS-SAINT-LAURENT,CLSC DE POHÉNÉGAMOOK,51219418,3,0,0,0,22:00:00,2026-08-20T22:45
8,SANTÉ QUÉBEC BAS-SAINT-LAURENT,HÔPITAL NOTRE-DAME-DE-FATIMA,51221141,7,4,0,0,22:00:00,2026-08-20T22:45
9,SANTÉ QUÉBEC SAGUENAY - LAC-SAINT-JEAN - UNIVERSITAIRE,HÔPITAL DE LA BAIE,51221364,7,1,0,0,22:00:00,2026-08-20T22:45
10,SANTÉ QUÉBEC SAGUENAY - LAC-SAINT-JEAN - UNIVERSITAIRE,HÔPITAL DE CHICOUTIMI,51218394,41,24,0,0,22:00:00,2026-08-20T22:45
11,SANTÉ QUÉBEC SAGUENAY - LAC-SAINT-JEAN - UNIVERSITAIRE,HÔPITAL ET CENTRE DE RÉADAPTATION DE JONQUIÈRE,51224541,16,9,0,0,22:00:00,2026-08-20T22:45
12,SANTÉ QUÉBEC SAGUENAY - LAC-SAINT-JEAN - UNIVERSITAIRE,HÔPITAL D'ALMA,51219400,17,5,0,0,22:00:00,2026-08-20T22:45
13,SANTÉ QUÉBEC SAGUENAY - LAC-SAINT-JEAN - UNIVERSITAIRE,HÔPITAL ET CENTRE D'HÉBERGEMENT DE ROBERVAL,51228203,13,8,0,0,22:00:00,2026-08-20T22:45
14,SANTÉ QUÉBEC SAGUENAY - LAC-SAINT-JEAN - UNIVERSITAIRE,HÔPITAL DE DOLBEAU-MISTASSINI,51219384,10,3,0,0,22:00:00,2026-08-20T22:45
15,SANTÉ QUÉBEC - CENTRE HOSPITALIER UNIVERSITAIRE DE QUÉBEC - UNIVERSITÉ LAVAL,CENTRE HOSPITALIER DE L'UNIVERSITÉ LAVAL,51217594,43,50,1,1,22:00:00,2026-08-20T22:45
16,SANTÉ QUÉBEC - CENTRE HOSPITALIER UNIVERSITAIRE DE QUÉBEC - UNIVERSITÉ LAVAL,HÔPITAL SAINT-FRANÇOIS D'ASSISE,51217602,34,39,0,0,22:00:00,2026-08-20T22:45
17,SANTÉ QUÉBEC - CENTRE HOSPITALIER UNIVERSITAIRE DE QUÉBEC - UNIVERSITÉ LAVAL,L'HÔTEL-DIEU DE QUÉBEC,51217586,15,17,0,0,22:00:00,2026-08-20T22:45
18,SANTÉ QUÉBEC - CENTRE HOSPITALIER UNIVERSITAIRE DE QUÉBEC - UNIVERSITÉ LAVAL,HÔPITAL DE L'ENFANT-JÉSUS,51233914,48,54,4,1,22:00:00,2026-08-20T22:45
19,SANTÉ QUÉBEC - CENTRE HOSPITALIER UNIVERSITAIRE DE QUÉBEC - UNIVERSITÉ LAVAL,HÔPITAL DU SAINT-SACREMENT,51217529,22,20,1,0,22:00:00,2026-08-20T22:45
20,SANTÉ QUÉBEC CAPITALE-NATIONALE - UNIVERSITAIRE,CENTRE MULTISERVICES DE SANTÉ ET DE SERVICES SOCIAUX DE SAINT-RAYMOND,51223196,7,2,0,0,22:00:00,2026-08-20T22:45
21,SANTÉ QUÉBEC CAPITALE-NATIONALE - UNIVERSITAIRE,CENTRE MULTISERVICES DE SANTÉ ET DE SERVICES SOCIAUX DE SAINT-MARC-DES-CARRIÈRES,51223188,3,2,0,0,22:00:00,2026-08-20T22:45
22,SANTÉ QUÉBEC CAPITALE-NATIONALE - UNIVERSITAIRE,CENTRE MULTISERVICES DE SANTÉ ET DE SERVICES SOCIAUX CHAUVEAU,51225001,5,0,0,0,22:00:00,2026-08-20T22:45
23,SANTÉ QUÉBEC CAPITALE-NATIONALE - UNIVERSITAIRE,CENTRE MULTISERVICES DE SANTÉ ET DE SERVICES SOCIAUX DE SAINTE-ANNE-DE-BEAUPRÉ,51225357,4,3,0,0,22:00:00,2026-08-20T22:45
24,SANTÉ QUÉBEC CAPITALE-NATIONALE - UNIVERSITAIRE,CENTRE MULTISERVICES DE SANTÉ ET DE SERVICES SOCIAUX DE BAIE-SAINT-PAUL,51228716,8,4,0,0,22:00:00,2026-08-20T22:45
25,SANTÉ QUÉBEC CAPITALE-NATIONALE - UNIVERSITAIRE,HÔPITAL ET CLSC DE LA MALBAIE,51228690,9,8,5,0,22:00:00,2026-08-20T22:45
26,SANTÉ QUÉBEC - INSTITUT UNIVERSITAIRE DE CARDIOLOGIE ET DE PNEUMOLOGIE DE QUÉBEC - UNIVERSITÉ LAVAL,INSTITUT UNIVERSITAIRE DE CARDIOLOGIE ET DE PNEUMOLOGIE DE QUÉBEC,51232130,20,14,0,0,22:00:00,2026-08-20T22:45
27,SANTÉ QUÉBEC MAURICIE-ET-CENTRE-DU-QUÉBEC - UNIVERSITAIRE,CENTRE MULTISERVICES DE SANTÉ ET DE SERVICES SOCIAUX DU HAUT-SAINT-MAURICE,51219731,pas d'information disponible,pas d'information disponible,pas d'information disponible,pas d'information disponible,22:00:00,2026-08-20T22:45
28,SANTÉ QUÉBEC MAURICIE-ET-CENTRE-DU-QUÉBEC - UNIVERSITAIRE,HÔPITAL DU CENTRE-DE-LA-MAURICIE,51220051,pas d'information disponible,pas d'information disponible,pas d'information disponible,pas d'information disponible,22:00:00,2026-08-20T22:45
29,SANTÉ QUÉBEC MAURICIE-ET-CENTRE-DU-QUÉBEC - UNIVERSITAIRE,CENTRE MULTISERVICES DE SANTÉ ET DE SERVICES SOCIAUX AVELLIN-DALCOURT,51233583,pas d'information disponible,pas d'information disponible,pas d'information disponible,pas d'information disponible,22:00:00,2026-08-20T22:45
30,SANTÉ QUÉBEC MAURICIE-ET-CENTRE-DU-QUÉBEC - UNIVERSITAIRE,PAVILLON SAINTE-MARIE,51220168,pas d'information disponible,pas d'information disponible,pas d'information disponible,pas d'information disponible,22:00:00,2026-08-20T22:45
31,SANTÉ QUÉBEC MAURICIE-ET-CENTRE-DU-QUÉBEC - UNIVERSITAIRE,CENTRE MULTISERVICES DE SANTÉ ET DE SERVICES SOCIAUX CHRIST-ROI,51220523,pas d'information disponible,pas d'information disponible,pas d'information disponible,pas d'information disponible,22:00:00,2026-08-20T22:45
32,SANTÉ QUÉBEC MAURICIE-ET-CENTRE-DU-QUÉBEC - UNIVERSITAIRE,CENTRE MULTISERVICES DE SANTÉ ET DE SERVICES SOCIAUX DE FORTIERVILLE,51219160,pas d'information disponible,pas d'information disponible,pas d'information disponible,pas d'information disponible,22:00:00,2026-08-20T22:45
33,SANTÉ QUÉBEC MAURICIE-ET-CENTRE-DU-QUÉBEC - UNIVERSITAIRE,HÔTEL-DIEU D'ARTHABASKA,51228039,pas d'information disponible,pas d'information disponible,pas d'information disponible,pas d'information disponible,22:00:00,2026-08-20T22:45
34,SANTÉ QUÉBEC MAURICIE-ET-CENTRE-DU-QUÉBEC - UNIVERSITAIRE,HÔPITAL SAINTE-CROIX,51228781,pas d'information disponible,pas d'information disponible,pas d'information disponible,pas d'information disponible,22:00:00,2026-08-20T22:45
35,SANTÉ QUÉBEC ESTRIE - CENTRE HOSPITALIER UNIVERSITAIRE DE SHERBROOKE,CHUS - HÔPITAL FLEURIMONT,51216687,36,17,0,0,22:00:00,2026-08-20T22:45
36,SANTÉ QUÉBEC ESTRIE - CENTRE HOSPITALIER UNIVERSITAIRE DE SHERBROOKE,HÔPITAL BROME-MISSISQUOI-PERKINS,51229185,16,24,4,0,22:00:00,2026-08-20T22:45
37,SANTÉ QUÉBEC ESTRIE - CENTRE HOSPITALIER UNIVERSITAIRE DE SHERBROOKE,CHUS - HÔTEL-DIEU DE SHERBROOKE,51216695,44,52,14,10,22:00:00,2026-08-20T22:45
38,SANTÉ QUÉBEC ESTRIE - CENTRE HOSPITALIER UNIVERSITAIRE DE SHERBROOKE,HÔPITAL DE GRANBY,51228120,20,19,1,1,22:00:00,2026-08-20T22:45
39,SANTÉ QUÉBEC ESTRIE - CENTRE HOSPITALIER UNIVERSITAIRE DE SHERBROOKE,CENTRE MULTISERVICES DE SANTÉ ET DE SERVICES SOCIAUX DE MEMPHRÉMAGOG,51219046,11,10,0,0,22:00:00,2026-08-20T22:45
40,SANTÉ QUÉBEC ESTRIE - CENTRE HOSPITALIER UNIVERSITAIRE DE SHERBROOKE,CENTRE MULTISERVICES DE SANTÉ ET DE SERVICES SOCIAUX DE LA MRC DE COATICOOK,51219350,6,0,0,0,22:00:00,2026-08-20T22:45
41,SANTÉ QUÉBEC ESTRIE - CENTRE HOSPITALIER UNIVERSITAIRE DE SHERBROOKE,CENTRE MULTISERVICES DE SANTÉ ET DE SERVICES SOCIAUX DU GRANIT,51223832,5,2,0,0,22:00:00,2026-08-20T22:45
42,SANTÉ QUÉBEC ESTRIE - CENTRE HOSPITALIER UNIVERSITAIRE DE SHERBROOKE,CENTRE MULTISERVICES DE SANTÉ ET DE SERVICES SOCIAUX DES SOURCES,51219293,7,4,1,0,22:00:00,2026-08-20T22:45
43,SANTÉ QUÉBEC - CENTRE HOSPITALIER DE L'UNIVERSITÉ DE MONTRÉAL,CENTRE HOSPITALIER DE L'UNIVERSITÉ DE MONTRÉAL,51236297,51,67,8,1,22:00:00,2026-08-20T22:45
44,SANTÉ QUÉBEC OUEST-DE-L'ÎLE-DE-MONTRÉAL - UNIVERSITAIRE,CENTRE HOSPITALIER DE ST. MARY,12745725,22,28,2,0,22:00:00,2026-08-20T22:45
45,SANTÉ QUÉBEC OUEST-DE-L'ÎLE-DE-MONTRÉAL - UNIVERSITAIRE,HÔPITAL DE LASALLE,51224392,15,21,11,5,22:00:00,2026-08-20T22:45
46,SANTÉ QUÉBEC OUEST-DE-L'ÎLE-DE-MONTRÉAL - UNIVERSITAIRE,HÔPITAL GÉNÉRAL DU LAKESHORE,51228278,31,62,33,16,22:00:00,2026-08-20T22:45
47,SANTÉ QUÉBEC OUEST-DE-L'ÎLE-DE-MONTRÉAL - UNIVERSITAIRE,HÔPITAL DOUGLAS,51235190,8,4,0,0,22:00:00,2026-08-20T22:45
48,SANTÉ QUÉBEC CENTRE-OUEST-DE-L'ÎLE-DE-MONTRÉAL - UNIVERSITAIRE,HÔPITAL GÉNÉRAL JUIF,12685608,53,99,21,8,22:00:00,2026-08-20T22:45
49,SANTÉ QUÉBEC CENTRE-SUD-DE-L'ÎLE-DE-MONTRÉAL - UNIVERSITAIRE,HÔPITAL DE VERDUN,51218097,26,26,2,0,22:00:00,2026-08-20T22:45
50,SANTÉ QUÉBEC CENTRE-SUD-DE-L'ÎLE-DE-MONTRÉAL - UNIVERSITAIRE,HÔPITAL NOTRE-DAME,51236313,35,31,13,12,22:00:00,2026-08-20T22:45
51,SANTÉ QUÉBEC NORD-DE-L'ÎLE-DE-MONTRÉAL - UNIVERSITAIRE,HÔPITAL FLEURY,51228492,pas d'information disponible,pas d'information disponible,pas d'information disponible,pas d'information disponible,22:00:00,2026-08-20T22:45
52,SANTÉ QUÉBEC NORD-DE-L'ÎLE-DE-MONTRÉAL - UNIVERSITAIRE,HÔPITAL DU SACRÉ-COEUR-DE-MONTRÉAL,12475976,pas d'information disponible,pas d'information disponible,pas d'information disponible,pas d'information disponible,22:00:00,2026-08-20T22:45
53,SANTÉ QUÉBEC NORD-DE-L'ÎLE-DE-MONTRÉAL - UNIVERSITAIRE,HÔPITAL JEAN-TALON,51228500,pas d'information disponible,pas d'information disponible,pas d'information disponible,pas d'information disponible,22:00:00,2026-08-20T22:45
54,SANTÉ QUÉBEC NORD-DE-L'ÎLE-DE-MONTRÉAL - UNIVERSITAIRE,HÔPITAL EN SANTÉ MENTALE ALBERT-PRÉVOST,51848752,pas d'information disponible,pas d'information disponible,pas d'information disponible,pas d'information disponible,22:00:00,2026-08-20T22:45
55,SANTÉ QUÉBEC EST-DE-L'ÎLE-DE-MONTRÉAL - UNIVERSITAIRE,INSTITUT UNIVERSITAIRE EN SANTÉ MENTALE DE MONTRÉAL,51235307,12,11,4,0,22:00:00,2026-08-20T22:45
56,SANTÉ QUÉBEC EST-DE-L'ÎLE-DE-MONTRÉAL - UNIVERSITAIRE,HÔPITAL MAISONNEUVE-ROSEMONT,12934659,54,40,6,0,22:00:00,2026-08-20T22:45
57,SANTÉ QUÉBEC EST-DE-L'ÎLE-DE-MONTRÉAL - UNIVERSITAIRE,HÔPITAL SANTA CABRINI,12420774,38,35,8,2,22:00:00,2026-08-20T22:45
58,SANTÉ QUÉBEC - INSTITUT DE CARDIOLOGIE DE MONTRÉAL,INSTITUT DE CARDIOLOGIE DE MONTRÉAL,12431656,22,11,0,0,22:00:00,2026-08-20T22:45
59,SANTÉ QUÉBEC - CENTRE UNIVERSITAIRE DE SANTÉ MCGILL,HÔPITAL ROYAL VICTORIA,51223295,33,66,34,19,22:00:00,2026-08-20T22:45
60,SANTÉ QUÉBEC - CENTRE UNIVERSITAIRE DE SANTÉ MCGILL,HÔPITAL GÉNÉRAL DE MONTRÉAL,12599213,31,47,17,11,22:00:00,2026-08-20T22:45
61,SANTÉ QUÉBEC - CENTRE UNIVERSITAIRE DE SANTÉ MCGILL,L'HÔPITAL DE MONTRÉAL POUR ENFANTS,51223279,12,21,1,0,22:00:00,2026-08-20T22:45
62,SANTÉ QUÉBEC - CENTRE UNIVERSITAIRE DE SANTÉ MCGILL,HÔPITAL DE LACHINE,51228310,14,13,5,3,22:00:00,2026-08-20T22:45
63,SANTÉ QUÉBEC - CENTRE HOSPITALIER UNIVERSITAIRE SAINTE-JUSTINE,CHU SAINTE-JUSTINE,51222800,16,13,1,1,22:00:00,2026-08-20T22:45
64,SANTÉ QUÉBEC OUTAOUAIS,HÔPITAL ET CHSLD DU PONTIAC,51219459,4,1,1,0,22:00:00,2026-08-20T22:45
65,SANTÉ QUÉBEC OUTAOUAIS,HÔPITAL DE HULL,51221711,25,30,3,0,22:00:00,2026-08-20T22:45
66,SANTÉ QUÉBEC OUTAOUAIS,HÔPITAL DE GATINEAU,51221703,28,45,11,6,22:00:00,2026-08-20T22:45
67,SANTÉ QUÉBEC OUTAOUAIS,HÔPITAL ET CHSLD DE PAPINEAU,51228823,12,11,4,1,22:00:00,2026-08-20T22:45
68,SANTÉ QUÉBEC OUTAOUAIS,HÔPITAL ET CHSLD MÉMORIAL DE WAKEFIELD / WAKEFIELD MEMORIAL HOSPITAL,51228799,4,2,0,0,22:00:00,2026-08-20T22:45
69,SANTÉ QUÉBEC OUTAOUAIS,HÔPITAL DE MANIWAKI,51221893,6,5,1,0,22:00:00,2026-08-20T22:45
70,SANTÉ QUÉBEC OUTAOUAIS,CENTRE MULTISERVICES DE SANTÉ ET DE SERVICES SOCIAUX DE MANSFIELD-ET-PONTEFRACT,51219442,2,0,0,0,22:00:00,2026-08-20T22:45
71,SANTÉ QUÉBEC OUTAOUAIS,CLSC ET CENTRE D'HÉBERGEMENT DE LA PETITE-NATION,51219509,2,0,0,0,22:00:00,2026-08-20T22:45
72,SANTÉ QUÉBEC ABITIBI-TÉMISCAMINGUE,HÔPITAL DE VAL-D'OR,51225589,11,3,0,0,22:00:00,2026-08-20T22:45
73,SANTÉ QUÉBEC ABITIBI-TÉMISCAMINGUE,HÔPITAL D'AMOS,51228906,7,7,0,0,22:00:00,2026-08-20T22:45
74,SANTÉ QUÉBEC ABITIBI-TÉMISCAMINGUE,CENTRE MULTISERVICES DE SANTÉ ET DE SERVICES SOCIAUX DE LA SARRE,51221083,5,1,0,0,22:00:00,2026-08-20T22:45
75,SANTÉ QUÉBEC ABITIBI-TÉMISCAMINGUE,HÔPITAL DE ROUYN-NORANDA,51228922,8,4,0,0,22:00:00,2026-08-20T22:45
76,SANTÉ QUÉBEC ABITIBI-TÉMISCAMINGUE,CENTRE MULTISERVICES DE SANTÉ ET DE SERVICES SOCIAUX DE VILLE-MARIE,51218840,5,1,0,0,22:00:00,2026-08-20T22:45
77,SANTÉ QUÉBEC ABITIBI-TÉMISCAMINGUE,CENTRE MULTISERVICES DE SANTÉ ET DE SERVICES SOCIAUX DE TÉMISCAMING-KIPAWA,51233609,1,0,0,0,22:00:00,2026-08-20T22:45
78,SANTÉ QUÉBEC CÔTE-NORD,CENTRE MULTISERVICES DE SANTÉ ET DE SERVICES SOCIAUX DE FORESTVILLE,51218741,5,3,0,0,22:00:00,2026-08-20T22:45
79,SANTÉ QUÉBEC CÔTE-NORD,CENTRE MULTISERVICES DE SANTÉ ET DE SERVICES SOCIAUX DES ESCOUMINS,51218733,3,3,2,0,22:00:00,2026-08-20T22:45
80,SANTÉ QUÉBEC CÔTE-NORD,CLSC ET HÔPITAL LE ROYER,51228765,10,10,1,0,22:00:00,2026-08-20T22:45
81,SANTÉ QUÉBEC CÔTE-NORD,CENTRE MULTISERVICES DE SANTÉ ET DE SERVICES SOCIAUX DE PORT-CARTIER,51229896,5,2,1,0,22:00:00,2026-08-20T22:45
82,SANTÉ QUÉBEC CÔTE-NORD,HÔPITAL ET CLSC DE SEPT-ÎLES,51232023,10,19,5,1,22:00:00,2026-08-20T22:45
83,SANTÉ QUÉBEC CÔTE-NORD,CENTRE MULTISERVICES DE SANTÉ ET DE SERVICES SOCIAUX DE FERMONT,14628986,2,0,0,0,22:00:00,2026-08-20T22:45
84,SANTÉ QUÉBEC CÔTE-NORD,CENTRE MULTISERVICES DE SANTÉ ET DE SERVICES SOCIAUX DE LA MINGANIE,51219004,2,3,0,0,22:00:00,2026-08-20T22:45
85,SANTÉ QUÉBEC CÔTE-NORD,CENTRE MULTISERVICES DE SANTÉ ET DE SERVICES SOCIAUX DE LA BASSE-CÔTE-NORD,51234508,4,1,0,0,22:00:00,2026-08-20T22:45
86,SANTÉ QUÉBEC BAIE-JAMES,CENTRE DE SANTÉ RENÉ-RICARD,51218519,1,0,0,0,22:00:00,2026-08-20T22:45
87,SANTÉ QUÉBEC BAIE-JAMES,CENTRE DE SANTÉ LEBEL,51218527,2,1,0,0,22:00:00,2026-08-20T22:45
88,SANTÉ QUÉBEC BAIE-JAMES,CENTRE DE SANTÉ DE CHIBOUGAMAU,51218501,6,2,0,0,22:00:00,2026-08-20T22:45
89,SANTÉ QUÉBEC BAIE-JAMES,CENTRE DE SANTÉ ISLE-DIEU,51218535,1,0,0,0,22:00:00,2026-08-20T22:45
90,SANTÉ QUÉBEC BAIE-JAMES,CENTRE DE SANTÉ DE RADISSON,51218543,1,0,0,0,22:00:00,2026-08-20T22:45
91,SANTÉ QUÉBEC DES ÎLES,HÔPITAL DE L'ARCHIPEL,51227783,6,8,0,0,22:00:00,2026-08-20T22:45
92,SANTÉ QUÉBEC GASPÉSIE,HÔPITAL ET CLSC DE SAINTE-ANNE-DES-MONTS,51221539,6,7,3,1,22:00:00,2026-08-20T22:45
93,SANTÉ QUÉBEC GASPÉSIE,HÔPITAL ET GROUPE DE MÉDECINE DE FAMILLE UNIVERSITAIRE DE MARIA,51227908,10,4,0,0,22:00:00,2026-08-20T22:45
94,SANTÉ QUÉBEC GASPÉSIE,CLSC ET CENTRE DE SERVICES AMBULATOIRES DE PASPÉBIAC,51220978,4,3,0,0,22:00:00,2026-08-20T22:45
95,SANTÉ QUÉBEC GASPÉSIE,HÔPITAL DE CHANDLER,51227775,8,2,0,0,22:00:00,2026-08-20T22:45
96,SANTÉ QUÉBEC GASPÉSIE,HÔPITAL DE GASPÉ,51220903,6,3,1,1,22:00:00,2026-08-20T22:45
97,SANTÉ QUÉBEC GASPÉSIE,CENTRE MULTISERVICES DE SANTÉ ET DE SERVICES SOCIAUX DE GRANDE-VALLÉE,51221299,2,0,0,0,22:00:00,2026-08-20T22:45
98,SANTÉ QUÉBEC GASPÉSIE,CLSC ET CENTRE DE SERVICES AMBULATOIRES DE MURDOCHVILLE,51221307,2,0,0,0,22:00:00,2026-08-20T22:45
99,SANTÉ QUÉBEC CHAUDIÈRE-APPALACHES,HÔPITAL DE MONTMAGNY,51228963,10,11,0,0,22:00:00,2026-08-20T22:45
100,SANTÉ QUÉBEC CHAUDIÈRE-APPALACHES,HÔTEL-DIEU DE LÉVIS,51227569,43,53,13,3,22:00:00,2026-08-20T22:45
101,SANTÉ QUÉBEC CHAUDIÈRE-APPALACHES,CHSLD ET HÔPITAL PAUL-GILBERT,51219673,0,0,0,0,22:00:00,2026-08-20T22:45
102,SANTÉ QUÉBEC CHAUDIÈRE-APPALACHES,HÔPITAL DE SAINT-GEORGES,51228971,21,15,1,1,22:00:00,2026-08-20T22:45
103,SANTÉ QUÉBEC CHAUDIÈRE-APPALACHES,HÔPITAL DE THETFORD,51228948,15,16,3,2,22:00:00,2026-08-20T22:45
104,SANTÉ QUÉBEC LAVAL,HÔPITAL DE LA CITÉ-DE-LA-SANTÉ,51228757,49,78,14,1,22:00:00,2026-08-20T22:45
105,SANTÉ QUÉBEC LANAUDIÈRE,HÔPITAL PIERRE-LE GARDEUR,51228062,47,46,6,0,22:00:00,2026-08-20T22:45
106,SANTÉ QUÉBEC LANAUDIÈRE,HÔPITAL DE LANAUDIÈRE ET CENTRE D'HÉBERGEMENT PARPHILIA-FERLAND,51228856,42,45,6,1,22:00:00,2026-08-20T22:45
107,SANTÉ QUÉBEC LAURENTIDES,HÔPITAL DE SAINT-EUSTACHE,51228864,35,38,7,0,22:00:00,2026-08-20T22:45
108,SANTÉ QUÉBEC LAURENTIDES,HÔPITAL DE SAINT-JÉRÔME,51228880,47,48,12,3,22:00:00,2026-08-20T22:45
109,SANTÉ QUÉBEC LAURENTIDES,CENTRE MULTISERVICES DE SANTÉ ET DE SERVICES SOCIAUX D'ARGENTEUIL,13508718,8,6,2,1,22:00:00,2026-08-20T22:45
110,SANTÉ QUÉBEC LAURENTIDES,CENTRE MULTISERVICES DE SANTÉ ET DE SERVICES SOCIAUX DE SAINTE-AGATHE,51226777,18,25,4,0,22:00:00,2026-08-20T22:45
111,SANTÉ QUÉBEC LAURENTIDES,CENTRE MULTISERVICES DE SANTÉ ET DE SERVICES SOCIAUX DE RIVIÈRE-ROUGE,51217628,5,8,1,0,22:00:00,2026-08-20T22:45
112,SANTÉ QUÉBEC LAURENTIDES,HÔPITAL DE MONT-LAURIER,51217610,8,9,1,1,22:00:00,2026-08-20T22:45
113,SANTÉ QUÉBEC MONTÉRÉGIE-CENTRE,HÔPITAL CHARLES-LE MOYNE,51233799,43,44,10,4,22:00:00,2026-08-20T22:45
114,SANTÉ QUÉBEC MONTÉRÉGIE-CENTRE,HÔPITAL DU HAUT-RICHELIEU,51229045,37,41,10,4,22:00:00,2026-08-20T22:45
115,SANTÉ QUÉBEC MONTÉRÉGIE-EST,HÔTEL-DIEU DE SOREL,51229102,17,13,0,0,22:00:00,2026-08-20T22:45
116,SANTÉ QUÉBEC MONTÉRÉGIE-EST,HÔPITAL HONORÉ-MERCIER,51229193,26,34,10,0,22:00:00,2026-08-20T22:45
117,SANTÉ QUÉBEC MONTÉRÉGIE-EST,HÔPITAL PIERRE-BOUCHER,51229011,47,59,21,6,22:00:00,2026-08-20T22:45
118,SANTÉ QUÉBEC MONTÉRÉGIE-OUEST,HÔPITAL ANNA-LABERGE,51229151,32,45,16,6,22:00:00,2026-08-20T22:45
119,SANTÉ QUÉBEC MONTÉRÉGIE-OUEST,HÔPITAL BARRIE MEMORIAL / BARRIE MEMORIAL HOSPITAL,51228005,5,3,0,0,22:00:00,2026-08-20T22:45
120,SANTÉ QUÉBEC MONTÉRÉGIE-OUEST,HÔPITAL DU SUROÎT,51229136,32,34,16,8,22:00:00,2026-08-20T22:45
