_id,RSS,Region,Nom_etablissement,Nom_installation,No_permis_installation,Nombre_de_civieres_fonctionnelles,Nombre_de_civieres_occupees,Nombre_de_patients_sur_civiere_plus_de_24_heures,Nombre_de_patients_sur_civiere_plus_de_48_heures,Nombre_total_de_patients_presents_a_lurgence,Nombre_total_de_patients_en_attente_de_PEC,DMS_sur_civiere,DMS_ambulatoire,DMS_sur_civiere_horaire,DMS_ambulatoire_horaire,Heure_de_l'extraction_(image),Mise_a_jour
1,1,Bas-Saint-Laurent,Total régional,Total régional,,52,41,2,0,111,54,9.7738,3.45531007751938,9:46,3:27,11:00:00,2026-08-27T11:45:00
2,1,Bas-Saint-Laurent,SANTÉ QUÉBEC BAS-SAINT-LAURENT,CENTRE HOSPITALIER RÉGIONAL DU GRAND-PORTAGE,51218352,9,11,2,0,18,8,10.57,4.14,10:34,4:08,11:00:00,2026-08-27T11:45:00
3,1,Bas-Saint-Laurent,SANTÉ QUÉBEC BAS-SAINT-LAURENT,HÔPITAL DE MATANE,51218980,7,6,0,0,13,7,13.01,3.3,13:00,3:18,11:00:00,2026-08-27T11:45:00
4,1,Bas-Saint-Laurent,SANTÉ QUÉBEC BAS-SAINT-LAURENT,CLSC DE POHÉNÉGAMOOK,51219418,3,0,0,0,8,1,11.98,1.45,11:58,1:27,11:00:00,2026-08-27T11:45:00
5,1,Bas-Saint-Laurent,SANTÉ QUÉBEC BAS-SAINT-LAURENT,HÔPITAL NOTRE-DAME-DE-FATIMA,51221141,7,6,0,0,17,11,6.94,3.57,6:56,3:34,11:00:00,2026-08-27T11:45:00
6,1,Bas-Saint-Laurent,SANTÉ QUÉBEC BAS-SAINT-LAURENT,HÔPITAL DE NOTRE-DAME-DU-LAC,51221877,5,3,0,0,14,6,6.57,3.4,6:34,3:24,11:00:00,2026-08-27T11:45:00
7,1,Bas-Saint-Laurent,SANTÉ QUÉBEC BAS-SAINT-LAURENT,HÔPITAL D'AMQUI,51226892,6,1,0,0,2,0,3.86,3.77,3:51,3:46,11:00:00,2026-08-27T11:45:00
8,1,Bas-Saint-Laurent,SANTÉ QUÉBEC BAS-SAINT-LAURENT,HÔPITAL RÉGIONAL DE RIMOUSKI,51227882,12,12,0,0,31,16,10.27,4.33,10:16,4:19,11:00:00,2026-08-27T11:45:00
9,1,Bas-Saint-Laurent,SANTÉ QUÉBEC BAS-SAINT-LAURENT,CENTRE MULTISERVICES DE SANTÉ ET DE SERVICES SOCIAUX DE TROIS-PISTOLES,51236156,3,2,0,0,8,5,15.04,2.51,15:02,2:30,11:00:00,2026-08-27T11:45:00
10,2,Saguenay-Lac-Saint-Jean,Total régional,Total régional,,104,69,3,1,145,46,11.0928484848484,3.93800561797752,11:05,3:56,11:00:00,2026-08-27T11:45:00
11,2,Saguenay-Lac-Saint-Jean,SANTÉ QUÉBEC SAGUENAY - LAC-SAINT-JEAN - UNIVERSITAIRE,HÔPITAL DE CHICOUTIMI,51218394,41,33,0,0,54,12,11.29,5.52,11:17,5:31,11:00:00,2026-08-27T11:45:00
12,2,Saguenay-Lac-Saint-Jean,SANTÉ QUÉBEC SAGUENAY - LAC-SAINT-JEAN - UNIVERSITAIRE,HÔPITAL DE DOLBEAU-MISTASSINI,51219384,10,5,0,0,18,10,13.14,2.62,13:08,2:37,11:00:00,2026-08-27T11:45:00
13,2,Saguenay-Lac-Saint-Jean,SANTÉ QUÉBEC SAGUENAY - LAC-SAINT-JEAN - UNIVERSITAIRE,HÔPITAL D'ALMA,51219400,17,3,0,0,12,0,9.57,4,9:34,4:00,11:00:00,2026-08-27T11:45:00
14,2,Saguenay-Lac-Saint-Jean,SANTÉ QUÉBEC SAGUENAY - LAC-SAINT-JEAN - UNIVERSITAIRE,HÔPITAL DE LA BAIE,51221364,7,3,0,0,9,4,8.77,3.2,8:46,3:12,11:00:00,2026-08-27T11:45:00
15,2,Saguenay-Lac-Saint-Jean,SANTÉ QUÉBEC SAGUENAY - LAC-SAINT-JEAN - UNIVERSITAIRE,HÔPITAL ET CENTRE DE RÉADAPTATION DE JONQUIÈRE,51224541,16,15,1,0,31,16,10.13,4.71,10:07,4:42,11:00:00,2026-08-27T11:45:00
16,2,Saguenay-Lac-Saint-Jean,SANTÉ QUÉBEC SAGUENAY - LAC-SAINT-JEAN - UNIVERSITAIRE,HÔPITAL ET CENTRE D'HÉBERGEMENT DE ROBERVAL,51228203,13,10,2,1,21,4,13.33,3.03,13:19,3:01,11:00:00,2026-08-27T11:45:00
17,3,Capitale-Nationale,Total régional,Total régional,,218,233,25,1,414,117,13.3282288828337,3.9753125,13:19,3:58,11:00:00,2026-08-27T11:45:00
18,3,Capitale-Nationale,SANTÉ QUÉBEC - CENTRE HOSPITALIER UNIVERSITAIRE DE QUÉBEC - UNIVERSITÉ LAVAL,HÔPITAL DU SAINT-SACREMENT,51217529,22,27,8,0,46,13,20.81,5.35,20:48,5:21,11:00:00,2026-08-27T11:45:00
19,3,Capitale-Nationale,SANTÉ QUÉBEC - CENTRE HOSPITALIER UNIVERSITAIRE DE QUÉBEC - UNIVERSITÉ LAVAL,L'HÔTEL-DIEU DE QUÉBEC,51217586,15,20,3,0,22,3,16.81,2.42,16:48,2:25,11:00:00,2026-08-27T11:45:00
20,3,Capitale-Nationale,SANTÉ QUÉBEC - CENTRE HOSPITALIER UNIVERSITAIRE DE QUÉBEC - UNIVERSITÉ LAVAL,CENTRE HOSPITALIER DE L'UNIVERSITÉ LAVAL,51217594,43,43,1,0,72,15,9.23,3.94,9:13,3:56,11:00:00,2026-08-27T11:45:00
21,3,Capitale-Nationale,SANTÉ QUÉBEC - CENTRE HOSPITALIER UNIVERSITAIRE DE QUÉBEC - UNIVERSITÉ LAVAL,HÔPITAL SAINT-FRANÇOIS D'ASSISE,51217602,34,43,4,0,65,16,16.48,5.77,16:28,5:46,11:00:00,2026-08-27T11:45:00
22,3,Capitale-Nationale,SANTÉ QUÉBEC CAPITALE-NATIONALE - UNIVERSITAIRE,CENTRE MULTISERVICES DE SANTÉ ET DE SERVICES SOCIAUX CHAUVEAU,51225001,5,2,0,0,34,14,3.92,2.99,3:55,2:59,11:00:00,2026-08-27T11:45:00
23,3,Capitale-Nationale,SANTÉ QUÉBEC CAPITALE-NATIONALE - UNIVERSITAIRE,CENTRE MULTISERVICES DE SANTÉ ET DE SERVICES SOCIAUX DE SAINTE-ANNE-DE-BEAUPRÉ,51225357,4,1,0,0,8,7,4.1,3.56,4:06,3:33,11:00:00,2026-08-27T11:45:00
24,3,Capitale-Nationale,SANTÉ QUÉBEC CAPITALE-NATIONALE - UNIVERSITAIRE,HÔPITAL ET CLSC DE LA MALBAIE,51228690,9,6,0,0,11,3,20.96,3.95,20:57,3:57,11:00:00,2026-08-27T11:45:00
25,3,Capitale-Nationale,SANTÉ QUÉBEC - INSTITUT UNIVERSITAIRE DE CARDIOLOGIE ET DE PNEUMOLOGIE DE QUÉBEC - UNIVERSITÉ LAVAL,INSTITUT UNIVERSITAIRE DE CARDIOLOGIE ET DE PNEUMOLOGIE DE QUÉBEC,51232130,20,27,1,0,40,13,10.05,3.05,10:03,3:03,11:00:00,2026-08-27T11:45:00
26,3,Capitale-Nationale,SANTÉ QUÉBEC - CENTRE HOSPITALIER UNIVERSITAIRE DE QUÉBEC - UNIVERSITÉ LAVAL,HÔPITAL DE L'ENFANT-JÉSUS,51233914,48,54,6,0,89,21,16.27,5.22,16:16,5:13,11:00:00,2026-08-27T11:45:00
27,3,Capitale-Nationale,SANTÉ QUÉBEC CAPITALE-NATIONALE - UNIVERSITAIRE,CENTRE MULTISERVICES DE SANTÉ ET DE SERVICES SOCIAUX DE BAIE-SAINT-PAUL,51244804,8,3,1,1,9,4,10.42,4.21,10:25,4:12,11:00:00,2026-08-27T11:45:00
28,3,Capitale-Nationale,SANTÉ QUÉBEC CAPITALE-NATIONALE - UNIVERSITAIRE,CENTRE MULTISERVICES DE SANTÉ ET DE SERVICES SOCIAUX DE SAINT-RAYMOND,51247302,7,6,1,0,12,5,13.99,2.95,13:59,2:57,11:00:00,2026-08-27T11:45:00
29,3,Capitale-Nationale,SANTÉ QUÉBEC CAPITALE-NATIONALE - UNIVERSITAIRE,CENTRE MULTISERVICES DE SANTÉ ET DE SERVICES SOCIAUX DE SAINT-MARC-DES-CARRIÈRES,51247344,3,1,0,0,6,3,3.97,1.57,3:58,1:34,11:00:00,2026-08-27T11:45:00
30,4,Mauricie et Centre-du-Québec,Total régional,Total régional,,pas d'information disponible,pas d'information disponible,pas d'information disponible,pas d'information disponible,pas d'information disponible,pas d'information disponible,pas d'information disponible,pas d'information disponible,,,11:00:00,2026-08-27T11:45:00
31,4,Mauricie et Centre-du-Québec,SANTÉ QUÉBEC MAURICIE-ET-CENTRE-DU-QUÉBEC - UNIVERSITAIRE,CENTRE MULTISERVICES DE SANTÉ ET DE SERVICES SOCIAUX DE FORTIERVILLE,51219160,pas d'information disponible,pas d'information disponible,pas d'information disponible,pas d'information disponible,pas d'information disponible,pas d'information disponible,pas d'information disponible,pas d'information disponible,,,11:00:00,2026-08-27T11:45:00
32,4,Mauricie et Centre-du-Québec,SANTÉ QUÉBEC MAURICIE-ET-CENTRE-DU-QUÉBEC - UNIVERSITAIRE,CENTRE MULTISERVICES DE SANTÉ ET DE SERVICES SOCIAUX DU HAUT-SAINT-MAURICE,51219731,pas d'information disponible,pas d'information disponible,pas d'information disponible,pas d'information disponible,pas d'information disponible,pas d'information disponible,pas d'information disponible,pas d'information disponible,,,11:00:00,2026-08-27T11:45:00
33,4,Mauricie et Centre-du-Québec,SANTÉ QUÉBEC MAURICIE-ET-CENTRE-DU-QUÉBEC - UNIVERSITAIRE,HÔPITAL DU CENTRE-DE-LA-MAURICIE,51220051,pas d'information disponible,pas d'information disponible,pas d'information disponible,pas d'information disponible,pas d'information disponible,pas d'information disponible,pas d'information disponible,pas d'information disponible,,,11:00:00,2026-08-27T11:45:00
34,4,Mauricie et Centre-du-Québec,SANTÉ QUÉBEC MAURICIE-ET-CENTRE-DU-QUÉBEC - UNIVERSITAIRE,PAVILLON SAINTE-MARIE,51220168,pas d'information disponible,pas d'information disponible,pas d'information disponible,pas d'information disponible,pas d'information disponible,pas d'information disponible,pas d'information disponible,pas d'information disponible,,,11:00:00,2026-08-27T11:45:00
35,4,Mauricie et Centre-du-Québec,SANTÉ QUÉBEC MAURICIE-ET-CENTRE-DU-QUÉBEC - UNIVERSITAIRE,HÔTEL-DIEU D'ARTHABASKA,51228039,pas d'information disponible,pas d'information disponible,pas d'information disponible,pas d'information disponible,pas d'information disponible,pas d'information disponible,pas d'information disponible,pas d'information disponible,,,11:00:00,2026-08-27T11:45:00
36,4,Mauricie et Centre-du-Québec,SANTÉ QUÉBEC MAURICIE-ET-CENTRE-DU-QUÉBEC - UNIVERSITAIRE,HÔPITAL SAINTE-CROIX,51228781,pas d'information disponible,pas d'information disponible,pas d'information disponible,pas d'information disponible,pas d'information disponible,pas d'information disponible,pas d'information disponible,pas d'information disponible,,,11:00:00,2026-08-27T11:45:00
37,4,Mauricie et Centre-du-Québec,SANTÉ QUÉBEC MAURICIE-ET-CENTRE-DU-QUÉBEC - UNIVERSITAIRE,CENTRE MULTISERVICES DE SANTÉ ET DE SERVICES SOCIAUX AVELLIN-DALCOURT,51233583,pas d'information disponible,pas d'information disponible,pas d'information disponible,pas d'information disponible,pas d'information disponible,pas d'information disponible,pas d'information disponible,pas d'information disponible,,,11:00:00,2026-08-27T11:45:00
38,4,Mauricie et Centre-du-Québec,SANTÉ QUÉBEC MAURICIE-ET-CENTRE-DU-QUÉBEC - UNIVERSITAIRE,CENTRE MULTISERVICES DE SANTÉ ET DE SERVICES SOCIAUX CHRIST-ROI,51246338,pas d'information disponible,pas d'information disponible,pas d'information disponible,pas d'information disponible,pas d'information disponible,pas d'information disponible,pas d'information disponible,pas d'information disponible,,,11:00:00,2026-08-27T11:45:00
39,5,Estrie,Total régional,Total régional,,145,151,31,13,295,121,15.2900434782608,6.07034965034965,15:17,6:04,11:00:00,2026-08-27T11:45:00
40,5,Estrie,SANTÉ QUÉBEC ESTRIE - CENTRE HOSPITALIER UNIVERSITAIRE DE SHERBROOKE,CHUS - HÔPITAL FLEURIMONT,51216687,36,29,0,0,59,25,10.58,11.02,10:34,11:01,11:00:00,2026-08-27T11:45:00
41,5,Estrie,SANTÉ QUÉBEC ESTRIE - CENTRE HOSPITALIER UNIVERSITAIRE DE SHERBROOKE,CHUS - HÔTEL-DIEU DE SHERBROOKE,51216695,44,48,20,12,57,9,17.65,7.38,17:39,7:22,11:00:00,2026-08-27T11:45:00
42,5,Estrie,SANTÉ QUÉBEC ESTRIE - CENTRE HOSPITALIER UNIVERSITAIRE DE SHERBROOKE,CENTRE MULTISERVICES DE SANTÉ ET DE SERVICES SOCIAUX DE MEMPHRÉMAGOG,51219046,11,12,3,1,23,9,10.92,6.32,10:55,6:19,11:00:00,2026-08-27T11:45:00
43,5,Estrie,SANTÉ QUÉBEC ESTRIE - CENTRE HOSPITALIER UNIVERSITAIRE DE SHERBROOKE,CENTRE MULTISERVICES DE SANTÉ ET DE SERVICES SOCIAUX DU GRANIT,51223832,5,2,0,0,5,0,15.66,2.07,15:39,2:04,11:00:00,2026-08-27T11:45:00
44,5,Estrie,SANTÉ QUÉBEC ESTRIE - CENTRE HOSPITALIER UNIVERSITAIRE DE SHERBROOKE,HÔPITAL DE GRANBY,51228120,20,30,2,0,69,28,17.33,7.28,17:19,7:16,11:00:00,2026-08-27T11:45:00
45,5,Estrie,SANTÉ QUÉBEC ESTRIE - CENTRE HOSPITALIER UNIVERSITAIRE DE SHERBROOKE,HÔPITAL BROME-MISSISQUOI-PERKINS,51229185,16,23,6,0,45,21,22,5.54,22:00,5:32,11:00:00,2026-08-27T11:45:00
46,5,Estrie,SANTÉ QUÉBEC ESTRIE - CENTRE HOSPITALIER UNIVERSITAIRE DE SHERBROOKE,CENTRE MULTISERVICES DE SANTÉ ET DE SERVICES SOCIAUX DES SOURCES,51247583,7,2,0,0,12,8,5.05,3.03,5:03,3:01,11:00:00,2026-08-27T11:45:00
47,5,Estrie,SANTÉ QUÉBEC ESTRIE - CENTRE HOSPITALIER UNIVERSITAIRE DE SHERBROOKE,CENTRE MULTISERVICES DE SANTÉ ET DE SERVICES SOCIAUX DE LA MRC DE COATICOOK,51247617,6,5,0,0,25,21,3.17,2.09,3:10,2:05,11:00:00,2026-08-27T11:45:00
48,6,Montréal,Total régional,Total régional,,473,658,225,101,1087,251,19.9500556792873,6.0019921875,19:57,6:00,11:00:00,2026-08-27T11:45:00
49,6,Montréal,SANTÉ QUÉBEC NORD-DE-L'ÎLE-DE-MONTRÉAL - UNIVERSITAIRE,HÔPITAL DU SACRÉ-COEUR-DE-MONTRÉAL,12475976,pas d'information disponible,pas d'information disponible,pas d'information disponible,pas d'information disponible,pas d'information disponible,pas d'information disponible,pas d'information disponible,pas d'information disponible,,,11:00:00,2026-08-27T11:45:00
50,6,Montréal,SANTÉ QUÉBEC EST-DE-L'ÎLE-DE-MONTRÉAL - UNIVERSITAIRE,HÔPITAL MAISONNEUVE-ROSEMONT,12934659,54,60,14,2,110,39,18.99,6.72,18:59,6:43,11:00:00,2026-08-27T11:45:00
51,6,Montréal,SANTÉ QUÉBEC CENTRE-SUD-DE-L'ÎLE-DE-MONTRÉAL - UNIVERSITAIRE,HÔPITAL DE VERDUN,51218097,26,31,4,0,61,18,19.24,5.26,19:14,5:15,11:00:00,2026-08-27T11:45:00
52,6,Montréal,SANTÉ QUÉBEC - CENTRE HOSPITALIER UNIVERSITAIRE SAINTE-JUSTINE,CHU SAINTE-JUSTINE,51222800,16,11,1,1,30,8,6.14,4.5,6:08,4:30,11:00:00,2026-08-27T11:45:00
53,6,Montréal,SANTÉ QUÉBEC - CENTRE UNIVERSITAIRE DE SANTÉ MCGILL,L'HÔPITAL DE MONTRÉAL POUR ENFANTS,51223279,12,9,0,0,29,6,9.88,3.78,9:52,3:46,11:00:00,2026-08-27T11:45:00
54,6,Montréal,SANTÉ QUÉBEC - CENTRE UNIVERSITAIRE DE SANTÉ MCGILL,HÔPITAL ROYAL VICTORIA,51223295,33,79,49,23,127,30,34.51,8.83,34:30,8:49,11:00:00,2026-08-27T11:45:00
55,6,Montréal,SANTÉ QUÉBEC OUEST-DE-L'ÎLE-DE-MONTRÉAL - UNIVERSITAIRE,HÔPITAL DE LASALLE,51224392,15,17,8,5,42,19,30.9,7.45,30:54,7:27,11:00:00,2026-08-27T11:45:00
56,6,Montréal,SANTÉ QUÉBEC OUEST-DE-L'ÎLE-DE-MONTRÉAL - UNIVERSITAIRE,HÔPITAL GÉNÉRAL DU LAKESHORE,51228278,31,62,32,17,102,25,34.06,8.52,34:03,8:31,11:00:00,2026-08-27T11:45:00
57,6,Montréal,SANTÉ QUÉBEC - CENTRE UNIVERSITAIRE DE SANTÉ MCGILL,HÔPITAL DE LACHINE,51228310,14,25,16,10,42,10,27.35,4.79,27:21,4:47,11:00:00,2026-08-27T11:45:00
58,6,Montréal,SANTÉ QUÉBEC NORD-DE-L'ÎLE-DE-MONTRÉAL - UNIVERSITAIRE,HÔPITAL FLEURY,51228492,pas d'information disponible,pas d'information disponible,pas d'information disponible,pas d'information disponible,pas d'information disponible,pas d'information disponible,pas d'information disponible,pas d'information disponible,,,11:00:00,2026-08-27T11:45:00
59,6,Montréal,SANTÉ QUÉBEC NORD-DE-L'ÎLE-DE-MONTRÉAL - UNIVERSITAIRE,HÔPITAL JEAN-TALON,51228500,pas d'information disponible,pas d'information disponible,pas d'information disponible,pas d'information disponible,pas d'information disponible,pas d'information disponible,pas d'information disponible,pas d'information disponible,,,11:00:00,2026-08-27T11:45:00
60,6,Montréal,SANTÉ QUÉBEC OUEST-DE-L'ÎLE-DE-MONTRÉAL - UNIVERSITAIRE,HÔPITAL DOUGLAS,51235190,8,1,0,0,6,2,10.88,3.44,10:52,3:26,11:00:00,2026-08-27T11:45:00
61,6,Montréal,SANTÉ QUÉBEC EST-DE-L'ÎLE-DE-MONTRÉAL - UNIVERSITAIRE,INSTITUT UNIVERSITAIRE EN SANTÉ MENTALE DE MONTRÉAL,51235307,12,3,2,1,4,1,29.48,2.29,29:28,2:17,11:00:00,2026-08-27T11:45:00
62,6,Montréal,SANTÉ QUÉBEC EST-DE-L'ÎLE-DE-MONTRÉAL - UNIVERSITAIRE,HÔPITAL SANTA CABRINI,51235919,38,52,8,2,68,21,14.66,4.94,14:39,4:56,11:00:00,2026-08-27T11:45:00
63,6,Montréal,SANTÉ QUÉBEC - CENTRE HOSPITALIER DE L'UNIVERSITÉ DE MONTRÉAL,CENTRE HOSPITALIER DE L'UNIVERSITÉ DE MONTRÉAL,51236297,51,63,7,0,109,21,15.73,8.48,15:43,8:28,11:00:00,2026-08-27T11:45:00
64,6,Montréal,SANTÉ QUÉBEC CENTRE-SUD-DE-L'ÎLE-DE-MONTRÉAL - UNIVERSITAIRE,HÔPITAL NOTRE-DAME,51236313,35,44,17,14,69,7,45.02,6.08,45:01,6:04,11:00:00,2026-08-27T11:45:00
65,6,Montréal,SANTÉ QUÉBEC - INSTITUT DE CARDIOLOGIE DE MONTRÉAL,INSTITUT DE CARDIOLOGIE DE MONTRÉAL,51248201,22,9,1,0,26,11,14.89,4.88,14:53,4:52,11:00:00,2026-08-27T11:45:00
66,6,Montréal,SANTÉ QUÉBEC - CENTRE UNIVERSITAIRE DE SANTÉ MCGILL,HÔPITAL GÉNÉRAL DE MONTRÉAL,51248219,31,48,21,12,61,2,21.17,5.44,21:10,5:26,11:00:00,2026-08-27T11:45:00
67,6,Montréal,SANTÉ QUÉBEC OUEST-DE-L'ÎLE-DE-MONTRÉAL - UNIVERSITAIRE,CENTRE HOSPITALIER DE ST. MARY,51248243,22,31,7,1,55,11,20.82,7.71,20:49,7:42,11:00:00,2026-08-27T11:45:00
68,6,Montréal,SANTÉ QUÉBEC CENTRE-OUEST-DE-L'ÎLE-DE-MONTRÉAL - UNIVERSITAIRE,HÔPITAL GÉNÉRAL JUIF,51248250,53,113,38,13,146,20,15.61,4.12,15:36,4:07,11:00:00,2026-08-27T11:45:00
69,6,Montréal,SANTÉ QUÉBEC NORD-DE-L'ÎLE-DE-MONTRÉAL - UNIVERSITAIRE,HÔPITAL EN SANTÉ MENTALE ALBERT-PRÉVOST,51848752,pas d'information disponible,pas d'information disponible,pas d'information disponible,pas d'information disponible,pas d'information disponible,pas d'information disponible,pas d'information disponible,pas d'information disponible,,,11:00:00,2026-08-27T11:45:00
70,7,Outaouais,Total régional,Total régional,,83,107,33,5,208,91,18.6311278195488,5.81914893617021,18:37,5:49,11:00:00,2026-08-27T11:45:00
71,7,Outaouais,SANTÉ QUÉBEC OUTAOUAIS,HÔPITAL ET CHSLD DU PONTIAC,51219459,4,5,4,1,7,1,26.75,5.4,26:45,5:24,11:00:00,2026-08-27T11:45:00
72,7,Outaouais,SANTÉ QUÉBEC OUTAOUAIS,CLSC ET CENTRE D'HÉBERGEMENT DE LA PETITE-NATION,51219491,2,3,0,0,13,8,4.26,3.36,4:15,3:21,11:00:00,2026-08-27T11:45:00
73,7,Outaouais,SANTÉ QUÉBEC OUTAOUAIS,HÔPITAL DE GATINEAU,51221703,28,36,16,2,74,37,23.17,8.82,23:10,8:49,11:00:00,2026-08-27T11:45:00
74,7,Outaouais,SANTÉ QUÉBEC OUTAOUAIS,HÔPITAL DE HULL,51221711,25,34,6,1,58,25,14.88,8.17,14:52,8:10,11:00:00,2026-08-27T11:45:00
75,7,Outaouais,SANTÉ QUÉBEC OUTAOUAIS,HÔPITAL DE MANIWAKI,51221893,6,8,1,0,11,3,10.77,3.3,10:46,3:18,11:00:00,2026-08-27T11:45:00
76,7,Outaouais,SANTÉ QUÉBEC OUTAOUAIS,HÔPITAL ET CHSLD MÉMORIAL DE WAKEFIELD / WAKEFIELD MEMORIAL HOSPITAL,51228799,4,2,0,0,7,4,13.18,4.96,13:10,4:57,11:00:00,2026-08-27T11:45:00
77,7,Outaouais,SANTÉ QUÉBEC OUTAOUAIS,HÔPITAL ET CHSLD DE PAPINEAU,51228823,12,19,6,1,35,12,29.53,5.76,29:31,5:45,11:00:00,2026-08-27T11:45:00
78,7,Outaouais,SANTÉ QUÉBEC OUTAOUAIS,CENTRE MULTISERVICES DE SANTÉ ET DE SERVICES SOCIAUX DE MANSFIELD-ET-PONTEFRACT,51245058,2,0,0,0,3,1,6.57,2.3,6:34,2:18,11:00:00,2026-08-27T11:45:00
79,8,Abitibi-Témiscamingue,Total régional,Total régional,,37,20,0,0,84,42,9.11236363636363,4.61584558823529,9:06,4:36,11:00:00,2026-08-27T11:45:00
80,8,Abitibi-Témiscamingue,SANTÉ QUÉBEC ABITIBI-TÉMISCAMINGUE,HÔPITAL DE VAL-D'OR,51225589,11,5,0,0,33,18,11.72,5.53,11:43,5:31,11:00:00,2026-08-27T11:45:00
81,8,Abitibi-Témiscamingue,SANTÉ QUÉBEC ABITIBI-TÉMISCAMINGUE,HÔPITAL D'AMOS,51228906,7,5,0,0,11,2,6.97,2.85,6:58,2:51,11:00:00,2026-08-27T11:45:00
82,8,Abitibi-Témiscamingue,SANTÉ QUÉBEC ABITIBI-TÉMISCAMINGUE,HÔPITAL DE ROUYN-NORANDA,51228922,8,7,0,0,22,14,9.49,5.62,9:29,5:37,11:00:00,2026-08-27T11:45:00
83,8,Abitibi-Témiscamingue,SANTÉ QUÉBEC ABITIBI-TÉMISCAMINGUE,CENTRE MULTISERVICES DE SANTÉ ET DE SERVICES SOCIAUX DE TÉMISCAMING-KIPAWA,51247476,1,0,0,0,3,0,0,4.8,0:00,4:48,11:00:00,2026-08-27T11:45:00
84,8,Abitibi-Témiscamingue,SANTÉ QUÉBEC ABITIBI-TÉMISCAMINGUE,CENTRE MULTISERVICES DE SANTÉ ET DE SERVICES SOCIAUX DE VILLE-MARIE,51247542,5,1,0,0,9,4,8.93,4.95,8:55,4:57,11:00:00,2026-08-27T11:45:00
85,8,Abitibi-Témiscamingue,SANTÉ QUÉBEC ABITIBI-TÉMISCAMINGUE,CENTRE MULTISERVICES DE SANTÉ ET DE SERVICES SOCIAUX DE LA SARRE,51247559,5,2,0,0,6,4,9.31,2.72,9:18,2:43,11:00:00,2026-08-27T11:45:00
86,9,Côte-Nord,Total régional,Total régional,,41,36,14,6,100,50,12.9723636363636,5.31091743119266,12:58,5:18,11:00:00,2026-08-27T11:45:00
87,9,Côte-Nord,SANTÉ QUÉBEC CÔTE-NORD,CENTRE MULTISERVICES DE SANTÉ ET DE SERVICES SOCIAUX DES ESCOUMINS,51218733,3,3,0,0,4,0,11.86,2.88,11:51,2:52,11:00:00,2026-08-27T11:45:00
88,9,Côte-Nord,SANTÉ QUÉBEC CÔTE-NORD,CENTRE MULTISERVICES DE SANTÉ ET DE SERVICES SOCIAUX DE FORESTVILLE,51218741,5,1,0,0,11,8,9.85,2.96,9:51,2:57,11:00:00,2026-08-27T11:45:00
89,9,Côte-Nord,SANTÉ QUÉBEC CÔTE-NORD,CLSC ET HÔPITAL LE ROYER,51228765,10,5,1,0,18,12,14.7,6.87,14:42,6:52,11:00:00,2026-08-27T11:45:00
90,9,Côte-Nord,SANTÉ QUÉBEC CÔTE-NORD,HÔPITAL ET CLSC DE SEPT-ÎLES,51232023,10,19,13,6,27,7,19.04,9.06,19:02,9:03,11:00:00,2026-08-27T11:45:00
91,9,Côte-Nord,SANTÉ QUÉBEC CÔTE-NORD,CENTRE MULTISERVICES DE SANTÉ ET DE SERVICES SOCIAUX DE FERMONT,51245108,2,0,0,0,1,0,7.2,4.91,7:12,4:54,11:00:00,2026-08-27T11:45:00
92,9,Côte-Nord,SANTÉ QUÉBEC CÔTE-NORD,CENTRE MULTISERVICES DE SANTÉ ET DE SERVICES SOCIAUX DE LA MINGANIE,51245116,2,4,0,0,14,9,3.53,1.17,3:31,1:10,11:00:00,2026-08-27T11:45:00
93,9,Côte-Nord,SANTÉ QUÉBEC CÔTE-NORD,CENTRE MULTISERVICES DE SANTÉ ET DE SERVICES SOCIAUX DE PORT-CARTIER,51245132,5,3,0,0,21,13,4.83,4.28,4:49,4:16,11:00:00,2026-08-27T11:45:00
94,9,Côte-Nord,SANTÉ QUÉBEC CÔTE-NORD,CENTRE MULTISERVICES DE SANTÉ ET DE SERVICES SOCIAUX DE LA BASSE-CÔTE-NORD,51245140,4,1,0,0,4,1,2.7,2.96,2:42,2:57,11:00:00,2026-08-27T11:45:00
95,10,Nord-du-Québec,Total régional,Total régional,,11,7,2,0,22,7,7.76583333333333,2.13964285714285,7:45,2:08,11:00:00,2026-08-27T11:45:00
96,10,Nord-du-Québec,SANTÉ QUÉBEC BAIE-JAMES,CENTRE DE SANTÉ DE CHIBOUGAMAU,51218501,6,7,2,0,11,4,7.75,4.03,7:45,4:01,11:00:00,2026-08-27T11:45:00
97,10,Nord-du-Québec,SANTÉ QUÉBEC BAIE-JAMES,CENTRE DE SANTÉ RENÉ-RICARD,51218519,1,0,0,0,0,0,0,0.95,0:00,0:57,11:00:00,2026-08-27T11:45:00
98,10,Nord-du-Québec,SANTÉ QUÉBEC BAIE-JAMES,CENTRE DE SANTÉ LEBEL,51218527,2,0,0,0,4,2,7.94,1.19,7:56,1:11,11:00:00,2026-08-27T11:45:00
99,10,Nord-du-Québec,SANTÉ QUÉBEC BAIE-JAMES,CENTRE DE SANTÉ ISLE-DIEU,51218535,1,0,0,0,4,1,0,1.82,0:00,1:49,11:00:00,2026-08-27T11:45:00
100,10,Nord-du-Québec,SANTÉ QUÉBEC BAIE-JAMES,CENTRE DE SANTÉ DE RADISSON,51218543,1,0,0,0,3,0,0,2.84,0:00,2:50,11:00:00,2026-08-27T11:45:00
101,11,Gaspésie-Îles-de-la-Madeleine,Total régional,Total régional,,44,24,6,0,72,28,11.0795918367346,4.15058558558558,11:04,4:09,11:00:00,2026-08-27T11:45:00
102,11,Gaspésie-Îles-de-la-Madeleine,SANTÉ QUÉBEC GASPÉSIE,HÔPITAL DE GASPÉ,51220903,6,8,3,0,19,7,20.9,5.64,20:54,5:38,11:00:00,2026-08-27T11:45:00
103,11,Gaspésie-Îles-de-la-Madeleine,SANTÉ QUÉBEC GASPÉSIE,CLSC ET CENTRE DE SERVICES AMBULATOIRES DE PASPÉBIAC,51220978,4,0,0,0,2,0,6.29,3.71,6:17,3:42,11:00:00,2026-08-27T11:45:00
104,11,Gaspésie-Îles-de-la-Madeleine,SANTÉ QUÉBEC GASPÉSIE,CLSC ET CENTRE DE SERVICES AMBULATOIRES DE MURDOCHVILLE,51221307,2,0,0,0,2,0,0,1.68,0:00,1:40,11:00:00,2026-08-27T11:45:00
105,11,Gaspésie-Îles-de-la-Madeleine,SANTÉ QUÉBEC GASPÉSIE,HÔPITAL DE CHANDLER,51227775,8,2,0,0,12,8,6.34,4.98,6:20,4:58,11:00:00,2026-08-27T11:45:00
106,11,Gaspésie-Îles-de-la-Madeleine,SANTÉ QUÉBEC DES ÎLES,HÔPITAL DE L'ARCHIPEL,51227783,6,2,0,0,10,2,10.46,2.69,10:27,2:41,11:00:00,2026-08-27T11:45:00
107,11,Gaspésie-Îles-de-la-Madeleine,SANTÉ QUÉBEC GASPÉSIE,HÔPITAL ET GROUPE DE MÉDECINE DE FAMILLE UNIVERSITAIRE DE MARIA,51227908,10,4,1,0,5,0,7.54,5.24,7:32,5:14,11:00:00,2026-08-27T11:45:00
108,11,Gaspésie-Îles-de-la-Madeleine,SANTÉ QUÉBEC GASPÉSIE,CENTRE MULTISERVICES DE SANTÉ ET DE SERVICES SOCIAUX DE GRANDE-VALLÉE,51247732,2,1,0,0,8,6,5.05,2.69,5:03,2:41,11:00:00,2026-08-27T11:45:00
109,11,Gaspésie-Îles-de-la-Madeleine,SANTÉ QUÉBEC GASPÉSIE,HÔPITAL ET CLSC DE SAINTE-ANNE-DES-MONTS,51247799,6,7,2,0,14,5,22.91,4.47,22:54,4:28,11:00:00,2026-08-27T11:45:00
110,12,Chaudière-Appalaches,Total régional,Total régional,,89,100,24,6,219,65,16.9460869565217,4.08734864300626,16:56,4:05,11:00:00,2026-08-27T11:45:00
111,12,Chaudière-Appalaches,SANTÉ QUÉBEC CHAUDIÈRE-APPALACHES,HÔTEL-DIEU DE LÉVIS,51227569,43,51,17,5,92,24,19.08,4.02,19:04,4:01,11:00:00,2026-08-27T11:45:00
112,12,Chaudière-Appalaches,SANTÉ QUÉBEC CHAUDIÈRE-APPALACHES,HÔPITAL DE SAINT-GEORGES,51228971,21,25,4,0,40,8,13.87,5.21,13:52,5:12,11:00:00,2026-08-27T11:45:00
113,12,Chaudière-Appalaches,SANTÉ QUÉBEC CHAUDIÈRE-APPALACHES,CHSLD ET HÔPITAL PAUL-GILBERT,51245199,0,0,0,0,26,14,2.21,3.47,2:12,3:28,11:00:00,2026-08-27T11:45:00
114,12,Chaudière-Appalaches,SANTÉ QUÉBEC CHAUDIÈRE-APPALACHES,HÔPITAL DE MONTMAGNY,51245223,10,14,2,1,26,1,12.57,2.87,12:34,2:52,11:00:00,2026-08-27T11:45:00
115,12,Chaudière-Appalaches,SANTÉ QUÉBEC CHAUDIÈRE-APPALACHES,HÔPITAL DE THETFORD,51245231,15,10,1,0,35,18,22.75,5.04,22:45,5:02,11:00:00,2026-08-27T11:45:00
116,13,Laval,Total régional,Total régional,,49,94,28,7,158,31,24.78,6.07,24:46,6:04,11:00:00,2026-08-27T11:45:00
117,13,Laval,SANTÉ QUÉBEC LAVAL,HÔPITAL DE LA CITÉ-DE-LA-SANTÉ,51228757,49,94,28,7,158,31,24.78,6.07,24:46,6:04,11:00:00,2026-08-27T11:45:00
118,14,Lanaudière,Total régional,Total régional,,89,104,15,0,200,58,16.2625641025641,7.54958646616541,16:15,7:32,11:00:00,2026-08-27T11:45:00
119,14,Lanaudière,SANTÉ QUÉBEC LANAUDIÈRE,HÔPITAL PIERRE-LE GARDEUR,51228062,47,60,12,0,122,35,18.53,7.98,18:31,7:58,11:00:00,2026-08-27T11:45:00
120,14,Lanaudière,SANTÉ QUÉBEC LANAUDIÈRE,HÔPITAL DE LANAUDIÈRE ET CENTRE D'HÉBERGEMENT PARPHILIA-FERLAND,51244945,42,44,3,0,78,23,13.75,6.91,13:45,6:54,11:00:00,2026-08-27T11:45:00
121,15,Laurentides,Total régional,Total régional,,121,154,37,12,271,79,19.476943231441,6.50974238875878,19:28,6:30,11:00:00,2026-08-27T11:45:00
122,15,Laurentides,SANTÉ QUÉBEC LAURENTIDES,HÔPITAL DE MONT-LAURIER,51217610,8,18,7,3,33,11,26.34,5.35,26:20,5:21,11:00:00,2026-08-27T11:45:00
123,15,Laurentides,SANTÉ QUÉBEC LAURENTIDES,CENTRE MULTISERVICES DE SANTÉ ET DE SERVICES SOCIAUX DE RIVIÈRE-ROUGE,51217628,5,3,0,0,14,9,12.17,6.33,12:10,6:19,11:00:00,2026-08-27T11:45:00
124,15,Laurentides,SANTÉ QUÉBEC LAURENTIDES,HÔPITAL DE SAINT-EUSTACHE,51228864,35,57,15,5,80,12,19.8,6.9,19:48,6:54,11:00:00,2026-08-27T11:45:00
125,15,Laurentides,SANTÉ QUÉBEC LAURENTIDES,HÔPITAL DE SAINT-JÉRÔME,51228880,47,45,12,4,74,16,21.52,6.68,21:31,6:40,11:00:00,2026-08-27T11:45:00
126,15,Laurentides,SANTÉ QUÉBEC LAURENTIDES,CENTRE MULTISERVICES DE SANTÉ ET DE SERVICES SOCIAUX D'ARGENTEUIL,51245306,8,8,1,0,26,16,12.59,5.85,12:35,5:51,11:00:00,2026-08-27T11:45:00
127,15,Laurentides,SANTÉ QUÉBEC LAURENTIDES,CENTRE MULTISERVICES DE SANTÉ ET DE SERVICES SOCIAUX DE SAINTE-AGATHE,51246874,18,23,2,0,44,15,16.86,6.82,16:51,6:49,11:00:00,2026-08-27T11:45:00
128,16,Montérégie,Total régional,Total régional,,239,354,112,37,576,175,19.6618820861678,6.48277693474962,19:39,6:28,11:00:00,2026-08-27T11:45:00
129,16,Montérégie,SANTÉ QUÉBEC MONTÉRÉGIE-OUEST,HÔPITAL BARRIE MEMORIAL / BARRIE MEMORIAL HOSPITAL,51228005,5,9,1,1,20,16,16.14,4.3,16:08,4:18,11:00:00,2026-08-27T11:45:00
130,16,Montérégie,SANTÉ QUÉBEC MONTÉRÉGIE-EST,HÔPITAL PIERRE-BOUCHER,51229011,47,69,21,5,97,18,13.6,5.28,13:36,5:16,11:00:00,2026-08-27T11:45:00
131,16,Montérégie,SANTÉ QUÉBEC MONTÉRÉGIE-CENTRE,HÔPITAL DU HAUT-RICHELIEU,51229045,37,45,14,2,90,37,20.68,7.87,20:40,7:52,11:00:00,2026-08-27T11:45:00
132,16,Montérégie,SANTÉ QUÉBEC MONTÉRÉGIE-EST,HÔTEL-DIEU DE SOREL,51229102,17,35,8,2,51,17,19.86,7.93,19:51,7:55,11:00:00,2026-08-27T11:45:00
133,16,Montérégie,SANTÉ QUÉBEC MONTÉRÉGIE-OUEST,HÔPITAL DU SUROÎT,51229136,32,45,21,8,54,8,32.57,4.8,32:34,4:48,11:00:00,2026-08-27T11:45:00
134,16,Montérégie,SANTÉ QUÉBEC MONTÉRÉGIE-OUEST,HÔPITAL ANNA-LABERGE,51229151,32,55,26,13,76,15,28.78,6.37,28:46,6:22,11:00:00,2026-08-27T11:45:00
135,16,Montérégie,SANTÉ QUÉBEC MONTÉRÉGIE-EST,HÔPITAL HONORÉ-MERCIER,51229193,26,36,7,2,66,27,12.7,6.16,12:42,6:09,11:00:00,2026-08-27T11:45:00
136,16,Montérégie,SANTÉ QUÉBEC MONTÉRÉGIE-CENTRE,HÔPITAL CHARLES-LE MOYNE,51233799,43,60,14,4,122,37,20.63,7.56,20:37,7:33,11:00:00,2026-08-27T11:45:00
137,99,Ensemble du Québec,Ensemble du Québec,Ensemble du Québec,,1795,2152,557,189,3962,1215,17.2314685314685,5.35376328265489,17:13,5:21,11:00:00,2026-08-27T11:45:00
