capture_utc,maj_source,maj_complete,retard_min,octets,octets_compresses,empreinte,fichier
2026-08-19T17:16:18Z,2026-08-19 11:45,2026-08-19 11:45,91,233472,18754,d9fff821da80,indexsante_2026-08-19_1145.html.gz
2026-08-19T17:59:47Z,2026-08-19 13:45,2026-08-19 13:45,14,233476,18797,3a0fe215ac70,indexsante_2026-08-19_1345.html.gz
2026-08-19T19:11:11Z,2026-08-19 14:45,2026-08-19 14:45,26,233479,18780,873c3aadfc4e,indexsante_2026-08-19_1445.html.gz
2026-08-19T19:59:53Z,2026-08-19 15:45,2026-08-19 15:45,14,233461,18764,64fb48ecaa11,indexsante_2026-08-19_1545.html.gz
2026-08-19T22:51:56Z,2026-08-19 18:45,2026-08-19 18:45,6,233452,18799,b99f6e947916,indexsante_2026-08-19_1845.html.gz
2026-08-20T00:01:31Z,2026-08-19 19:45,2026-08-19 19:45,16,233333,18730,756c7df3093f,indexsante_2026-08-19_1945.html.gz
2026-08-20T02:38:01Z,2026-08-19 21:45,2026-08-19 21:45,53,233421,18803,22ab4a666b97,indexsante_2026-08-19_2145.html.gz
2026-08-20T04:08:05Z,2026-08-19 23:45,2026-08-19 23:45,23,236228,18824,f0dcdb006211,indexsante_2026-08-19_2345.html.gz
2026-08-20T05:59:10Z,2026-08-20 01:45,2026-08-20 01:45,14,236211,18762,8d8f3b04db22,indexsante_2026-08-20_0145.html.gz
2026-08-20T08:06:16Z,2026-08-20 03:45,2026-08-20 03:45,21,236202,18722,2ac684470b6a,indexsante_2026-08-20_0345.html.gz
2026-08-20T11:07:53Z,2026-08-20 06:45,2026-08-20 06:45,22,236203,18675,357f95fe7b1e,indexsante_2026-08-20_0645.html.gz
2026-08-20T12:02:55Z,2026-08-20 07:45,2026-08-20 07:45,17,236208,18716,b571fde7419c,indexsante_2026-08-20_0745.html.gz
2026-08-20T13:03:46Z,2026-08-20 08:45,2026-08-20 08:45,18,236216,18748,3cdd7f950c42,indexsante_2026-08-20_0845.html.gz
2026-08-20T13:52:50Z,2026-08-20 09:45,2026-08-20 09:45,7,236235,18801,f41ea31e5b2a,indexsante_2026-08-20_0945.html.gz
2026-08-20T15:16:28Z,2026-08-20 10:45,2026-08-20 10:45,31,236249,18790,41015d639a47,indexsante_2026-08-20_1045.html.gz
2026-08-20T16:51:45Z,2026-08-20 12:45,2026-08-20 12:45,6,236274,18829,295d469132d6,indexsante_2026-08-20_1245.html.gz
2026-08-20T17:56:44Z,2026-08-20 13:45,2026-08-20 13:45,11,236280,18848,e812934353b9,indexsante_2026-08-20_1345.html.gz
2026-08-20T19:19:06Z,2026-08-20 14:45,2026-08-20 14:45,34,236301,18832,18b471588d3d,indexsante_2026-08-20_1445.html.gz
2026-08-20T20:10:32Z,2026-08-20 15:45,2026-08-20 15:45,25,236284,18866,bddb9996290f,indexsante_2026-08-20_1545.html.gz
2026-08-20T21:11:21Z,2026-08-20 16:45,2026-08-20 16:45,26,236280,18835,03c5ed724a1d,indexsante_2026-08-20_1645.html.gz
2026-08-20T22:02:02Z,2026-08-20 17:45,2026-08-20 17:45,17,236270,18802,fc9a3577e6ca,indexsante_2026-08-20_1745.html.gz
2026-08-20T22:57:37Z,2026-08-20 18:45,2026-08-20 18:45,12,236263,18827,0061d9fff0ca,indexsante_2026-08-20_1845.html.gz
2026-08-20T23:51:15Z,2026-08-20 19:45,2026-08-20 19:45,6,236257,18789,0530b70a0f5e,indexsante_2026-08-20_1945.html.gz
2026-08-21T01:20:48Z,2026-08-20 20:45,2026-08-20 20:45,35,236264,18789,e54de736fd4f,indexsante_2026-08-20_2045.html.gz
2026-08-21T02:45:06Z,2026-08-20 21:45,2026-08-20 21:45,60,236268,18778,d9897615aa85,indexsante_2026-08-20_2145.html.gz
2026-08-21T03:36:25Z,2026-08-20 22:45,2026-08-20 22:45,51,236266,18778,8581d84d96e0,indexsante_2026-08-20_2245.html.gz
2026-08-21T04:24:01Z,2026-08-20 23:45,2026-08-20 23:45,39,236234,18763,bbe0219091a4,indexsante_2026-08-20_2345.html.gz
2026-08-21T07:11:07Z,2026-08-21 02:45,2026-08-21 02:45,26,236203,18728,ae42b517ff15,indexsante_2026-08-21_0245.html.gz
2026-08-21T09:19:39Z,2026-08-21 04:45,2026-08-21 04:45,34,236199,18714,25082f77f84e,indexsante_2026-08-21_0445.html.gz
2026-08-21T11:52:59Z,2026-08-21 07:45,2026-08-21 07:45,7,236212,18756,e6430d259df5,indexsante_2026-08-21_0745.html.gz
2026-08-21T13:33:56Z,2026-08-21 08:45,2026-08-21 08:45,48,236213,18798,422833e11d84,indexsante_2026-08-21_0845.html.gz
2026-08-21T14:54:12Z,2026-08-21 10:45,2026-08-21 10:45,9,236226,18820,08db24857eec,indexsante_2026-08-21_1045.html.gz
2026-08-21T16:01:37Z,2026-08-21 11:45,2026-08-21 11:45,16,236251,18808,61cd9cd9fe66,indexsante_2026-08-21_1145.html.gz
2026-08-21T18:03:57Z,2026-08-21 13:45,2026-08-21 13:45,18,236262,18866,4aef42330993,indexsante_2026-08-21_1345.html.gz
2026-08-21T19:57:53Z,2026-08-21 15:45,2026-08-21 15:45,12,236172,18813,9ab25e6155ea,indexsante_2026-08-21_1545.html.gz
2026-08-21T20:50:34Z,2026-08-21 16:45,2026-08-21 16:45,5,236259,18859,972d0a5274fd,indexsante_2026-08-21_1645.html.gz
2026-08-21T22:02:36Z,2026-08-21 17:45,2026-08-21 17:45,17,236243,18861,14432abad013,indexsante_2026-08-21_1745.html.gz
2026-08-22T00:02:18Z,2026-08-21 19:45,2026-08-21 19:45,17,236235,18852,c8827bf36e34,indexsante_2026-08-21_1945.html.gz
2026-08-22T02:41:00Z,2026-08-21 21:45,2026-08-21 21:45,56,236230,18797,fbf24303888e,indexsante_2026-08-21_2145.html.gz
2026-08-22T04:06:34Z,2026-08-21 23:45,2026-08-21 23:45,21,236213,18750,457d4167c641,indexsante_2026-08-21_2345.html.gz
2026-08-22T06:40:50Z,2026-08-22 01:45,2026-08-22 01:45,55,236190,18745,a8cac9a8d6a7,indexsante_2026-08-22_0145.html.gz
2026-08-22T07:19:21Z,2026-08-22 02:45,2026-08-22 02:45,34,236184,18728,c7c0a5791e1c,indexsante_2026-08-22_0245.html.gz
2026-08-22T08:03:47Z,2026-08-22 03:45,2026-08-22 03:45,18,236177,18718,227ac5877dfc,indexsante_2026-08-22_0345.html.gz
2026-08-22T09:03:44Z,2026-08-22 04:45,2026-08-22 04:45,18,236179,18689,e011065a49d1,indexsante_2026-08-22_0445.html.gz
2026-08-22T10:00:04Z,2026-08-22 05:45,2026-08-22 05:45,15,236175,18702,f09a8075a1a8,indexsante_2026-08-22_0545.html.gz
2026-08-22T10:50:06Z,2026-08-22 06:45,2026-08-22 06:45,5,236188,18715,28ecdf4267f9,indexsante_2026-08-22_0645.html.gz
2026-08-22T11:58:40Z,2026-08-22 07:45,2026-08-22 07:45,13,236191,18748,c462a043df40,indexsante_2026-08-22_0745.html.gz
2026-08-22T13:19:32Z,2026-08-22 08:45,2026-08-22 08:45,34,236123,18688,5f1f3f97bea7,indexsante_2026-08-22_0845.html.gz
2026-08-22T14:00:00Z,2026-08-22 09:45,2026-08-22 09:45,15,236214,18751,0e46b48622b7,indexsante_2026-08-22_0945.html.gz
2026-08-22T15:25:17Z,2026-08-22 10:45,2026-08-22 10:45,40,236229,18759,f2f0ddc9b5c8,indexsante_2026-08-22_1045.html.gz
2026-08-22T15:58:45Z,2026-08-22 11:45,2026-08-22 11:45,13,236236,18805,252de9087b7a,indexsante_2026-08-22_1145.html.gz
2026-08-22T16:50:49Z,2026-08-22 12:45,2026-08-22 12:45,5,236233,18782,b565fdae7f77,indexsante_2026-08-22_1245.html.gz
2026-08-22T17:59:05Z,2026-08-22 13:45,2026-08-22 13:45,14,236247,18803,47ad7b170c95,indexsante_2026-08-22_1345.html.gz
2026-08-22T18:59:24Z,2026-08-22 14:45,2026-08-22 14:45,14,236248,18817,3173ff3bca26,indexsante_2026-08-22_1445.html.gz
2026-08-22T19:58:22Z,2026-08-22 15:45,2026-08-22 15:45,13,236142,18738,bc07c901999e,indexsante_2026-08-22_1545.html.gz
2026-08-22T22:22:56Z,2026-08-22 17:45,2026-08-22 17:45,37,236239,18796,9a3d61061a8b,indexsante_2026-08-22_1745.html.gz
2026-08-23T01:22:39Z,2026-08-22 20:45,2026-08-22 20:45,37,236201,18769,063d689eda11,indexsante_2026-08-22_2045.html.gz
2026-08-23T02:45:30Z,2026-08-22 21:45,2026-08-22 21:45,60,236208,18774,e664f211b79b,indexsante_2026-08-22_2145.html.gz
2026-08-23T04:22:46Z,2026-08-22 23:45,2026-08-22 23:45,37,233733,18639,ad8b659b4819,indexsante_2026-08-22_2345.html.gz
2026-08-23T05:02:28Z,2026-08-23 00:45,2026-08-23 00:45,17,231193,18425,777314f66bc5,indexsante_2026-08-23_0045.html.gz
2026-08-23T06:02:16Z,2026-08-23 01:45,2026-08-23 01:45,17,233726,18603,df32c9d7c7c6,indexsante_2026-08-23_0145.html.gz
2026-08-23T06:51:59Z,2026-08-23 02:45,2026-08-23 02:45,6,233714,18607,b08d8dc7b060,indexsante_2026-08-23_0245.html.gz
2026-08-23T07:58:16Z,2026-08-23 03:45,2026-08-23 03:45,13,233727,18570,a8d02728c7fc,indexsante_2026-08-23_0345.html.gz
2026-08-23T09:53:10Z,2026-08-23 05:45,2026-08-23 05:45,8,233728,18588,9f92e18a25ad,indexsante_2026-08-23_0545.html.gz
2026-08-23T10:51:12Z,2026-08-23 06:45,2026-08-23 06:45,6,233727,18589,7d1166894bca,indexsante_2026-08-23_0645.html.gz
2026-08-23T13:20:42Z,2026-08-23 08:45,2026-08-23 08:45,35,236196,18718,f3df3c2c06c1,indexsante_2026-08-23_0845.html.gz
2026-08-23T13:54:37Z,2026-08-23 09:45,2026-08-23 09:45,9,236203,18710,4983f89424dc,indexsante_2026-08-23_0945.html.gz
2026-08-23T16:01:00Z,2026-08-23 11:45,2026-08-23 11:45,16,236229,18771,4459e44946c6,indexsante_2026-08-23_1145.html.gz
2026-08-23T16:53:15Z,2026-08-23 12:45,2026-08-23 12:45,8,236236,18790,86d9769aac17,indexsante_2026-08-23_1245.html.gz
2026-08-23T17:58:02Z,2026-08-23 13:45,2026-08-23 13:45,13,236251,18821,237ee1874c75,indexsante_2026-08-23_1345.html.gz
2026-08-23T18:58:17Z,2026-08-23 14:45,2026-08-23 14:45,13,236255,18834,bd595f0c073f,indexsante_2026-08-23_1445.html.gz
2026-08-23T19:57:27Z,2026-08-23 15:45,2026-08-23 15:45,12,236338,18850,f8e1410f9a63,indexsante_2026-08-23_1545.html.gz
2026-08-23T21:02:18Z,2026-08-23 16:46,2026-08-23 16:46,16,236318,18832,81451c74439e,indexsante_2026-08-23_1646.html.gz
2026-08-24T03:39:12Z,2026-08-23 22:45,2026-08-23 22:45,54,236187,18739,d230ab60223d,indexsante_2026-08-23_2245.html.gz
2026-08-24T04:29:19Z,2026-08-23 23:45,2026-08-23 23:45,44,236199,18729,310fab0816bd,indexsante_2026-08-23_2345.html.gz
2026-08-24T05:12:18Z,2026-08-24 00:45,2026-08-24 00:45,27,236192,18679,af21fb5af8e9,indexsante_2026-08-24_0045.html.gz
2026-08-24T06:59:55Z,2026-08-24 02:45,2026-08-24 02:45,14,236183,18667,bd9b34015dda,indexsante_2026-08-24_0245.html.gz
2026-08-24T07:58:21Z,2026-08-24 03:45,2026-08-24 03:45,13,236182,18676,ffe42df7b6cc,indexsante_2026-08-24_0345.html.gz
2026-08-24T10:12:09Z,2026-08-24 05:45,2026-08-24 05:45,27,236181,18685,389f7153cd3a,indexsante_2026-08-24_0545.html.gz
2026-08-24T10:54:11Z,2026-08-24 06:45,2026-08-24 06:45,9,236189,18686,a62ac960bab0,indexsante_2026-08-24_0645.html.gz
2026-08-24T11:54:44Z,2026-08-24 07:45,2026-08-24 07:45,9,236193,18704,453afe4e505d,indexsante_2026-08-24_0745.html.gz
2026-08-24T12:52:07Z,2026-08-24 08:45,2026-08-24 08:45,7,236208,18783,cbb0379f1b81,indexsante_2026-08-24_0845.html.gz
2026-08-24T13:52:39Z,2026-08-24 09:45,2026-08-24 09:45,7,236222,18769,f9b8cd4a6105,indexsante_2026-08-24_0945.html.gz
2026-08-24T15:22:52Z,2026-08-24 10:45,2026-08-24 10:45,37,236152,18693,4d976c68b2b4,indexsante_2026-08-24_1045.html.gz
2026-08-24T16:04:47Z,2026-08-24 11:45,2026-08-24 11:45,19,236259,18840,f74463b9c120,indexsante_2026-08-24_1145.html.gz
2026-08-24T17:17:33Z,2026-08-24 12:45,2026-08-24 12:45,32,236283,18859,956306a38781,indexsante_2026-08-24_1245.html.gz
2026-08-24T18:16:10Z,2026-08-24 13:45,2026-08-24 13:45,31,236288,18866,c79a903d611b,indexsante_2026-08-24_1345.html.gz
2026-08-24T19:56:41Z,2026-08-24 15:45,2026-08-24 15:45,11,236193,18759,75598a263ab4,indexsante_2026-08-24_1545.html.gz
2026-08-24T21:00:23Z,2026-08-24 16:45,2026-08-24 16:45,15,236280,18852,2cd5bc53ec18,indexsante_2026-08-24_1645.html.gz
2026-08-24T22:27:19Z,2026-08-24 17:45,2026-08-24 17:45,42,236263,18841,efd7707b5dd7,indexsante_2026-08-24_1745.html.gz
2026-08-24T22:54:02Z,2026-08-24 18:45,2026-08-24 18:45,9,236251,18842,5f9f0e1e45c0,indexsante_2026-08-24_1845.html.gz
2026-08-25T00:00:54Z,2026-08-24 19:45,2026-08-24 19:45,15,236244,18835,a81f1198ba25,indexsante_2026-08-24_1945.html.gz
2026-08-25T01:23:57Z,2026-08-24 20:45,2026-08-24 20:45,38,236262,18816,d0e4fe23ebcb,indexsante_2026-08-24_2045.html.gz
2026-08-25T02:39:34Z,2026-08-24 21:45,2026-08-24 21:45,54,236243,18806,ed8b036aac37,indexsante_2026-08-24_2145.html.gz
2026-08-25T04:54:23Z,2026-08-25 00:45,2026-08-25 00:45,9,236225,18757,327bc6c71820,indexsante_2026-08-25_0045.html.gz
2026-08-25T06:51:10Z,2026-08-25 02:45,2026-08-25 02:45,6,236193,18738,d57d8c92c46d,indexsante_2026-08-25_0245.html.gz
2026-08-25T08:23:10Z,2026-08-25 03:45,2026-08-25 03:45,38,236199,18728,fe0ee92c194d,indexsante_2026-08-25_0345.html.gz
2026-08-25T09:09:01Z,2026-08-25 04:45,2026-08-25 04:45,24,236190,18688,d7230805d182,indexsante_2026-08-25_0445.html.gz
2026-08-25T09:51:59Z,2026-08-25 05:45,2026-08-25 05:45,6,236194,18734,c327cc100d91,indexsante_2026-08-25_0545.html.gz
2026-08-25T11:02:13Z,2026-08-25 06:45,2026-08-25 06:45,17,236180,18732,9376868cb74a,indexsante_2026-08-25_0645.html.gz
2026-08-25T13:37:05Z,2026-08-25 08:45,2026-08-25 08:45,52,236200,18794,6d0b01aa11a2,indexsante_2026-08-25_0845.html.gz
2026-08-25T14:27:56Z,2026-08-25 09:45,2026-08-25 09:45,42,236241,18816,222319d69cc8,indexsante_2026-08-25_0945.html.gz
2026-08-25T15:21:58Z,2026-08-25 10:45,2026-08-25 10:45,36,236254,18833,faf6c722b14a,indexsante_2026-08-25_1045.html.gz
2026-08-25T17:59:31Z,2026-08-25 13:45,2026-08-25 13:45,14,233893,18720,45c3f8b028a1,indexsante_2026-08-25_1345.html.gz
2026-08-25T19:18:06Z,2026-08-25 14:45,2026-08-25 14:45,33,236252,18890,2b892b3c65b1,indexsante_2026-08-25_1445.html.gz
2026-08-25T20:03:46Z,2026-08-25 15:45,2026-08-25 15:45,18,236234,18841,f3cbf5fcbc71,indexsante_2026-08-25_1545.html.gz
2026-08-25T22:00:26Z,2026-08-25 17:45,2026-08-25 17:45,15,236231,18810,4f8f401375e9,indexsante_2026-08-25_1745.html.gz
2026-08-25T22:56:05Z,2026-08-25 18:45,2026-08-25 18:45,11,236223,18816,5f615be6d8eb,indexsante_2026-08-25_1845.html.gz
2026-08-26T00:02:31Z,2026-08-25 19:45,2026-08-25 19:45,17,236216,18780,c20490c7c96e,indexsante_2026-08-25_1945.html.gz
2026-08-26T01:48:21Z,2026-08-25 20:45,2026-08-25 20:45,63,236317,18752,c56f6ba732c2,indexsante_2026-08-25_2045.html.gz
2026-08-26T02:53:08Z,2026-08-25 22:45,2026-08-25 22:45,8,236220,18740,63b5f776c1db,indexsante_2026-08-25_2245.html.gz
2026-08-26T03:54:31Z,2026-08-25 23:45,2026-08-25 23:45,9,236201,18766,55c3db65546a,indexsante_2026-08-25_2345.html.gz
2026-08-26T09:12:15Z,2026-08-26 04:45,2026-08-26 04:45,27,236181,18682,a7878afc368d,indexsante_2026-08-26_0445.html.gz
2026-08-26T10:35:57Z,2026-08-26 05:45,2026-08-26 05:45,50,236189,18686,05c113fdac76,indexsante_2026-08-26_0545.html.gz
2026-08-26T12:04:07Z,2026-08-26 07:45,2026-08-26 07:45,19,236186,18703,092067b46501,indexsante_2026-08-26_0745.html.gz
2026-08-26T13:09:13Z,2026-08-26 08:45,2026-08-26 08:45,24,236195,18784,a91e6ef0adee,indexsante_2026-08-26_0845.html.gz
2026-08-26T14:04:11Z,2026-08-26 09:45,2026-08-26 09:45,19,236219,18800,5fb393d24702,indexsante_2026-08-26_0945.html.gz
2026-08-26T14:53:11Z,2026-08-26 10:45,2026-08-26 10:45,8,236143,18749,0dc95c004056,indexsante_2026-08-26_1045.html.gz
2026-08-26T16:18:27Z,2026-08-26 11:45,2026-08-26 11:45,33,236248,18843,b88f66321b8e,indexsante_2026-08-26_1145.html.gz
2026-08-26T18:05:52Z,2026-08-26 13:45,2026-08-26 13:45,20,236253,18841,be442958d235,indexsante_2026-08-26_1345.html.gz
2026-08-26T19:58:54Z,2026-08-26 15:45,2026-08-26 15:45,13,236270,18877,8b1d8287cd00,indexsante_2026-08-26_1545.html.gz
2026-08-26T22:48:58Z,2026-08-26 17:46,2026-08-26 17:46,62,236257,18828,e5a2fbf84a20,indexsante_2026-08-26_1746.html.gz
2026-08-27T04:04:35Z,2026-08-26 22:45,2026-08-26 22:45,79,236240,18800,5a17181639bf,indexsante_2026-08-26_2245.html.gz
2026-08-27T15:07:40Z,2026-08-27 10:45,2026-08-27 10:45,22,236163,18742,14be2b164d18,indexsante_2026-08-27_1045.html.gz
2026-08-28T00:25:17Z,2026-08-27 14:45,2026-08-27 14:45,340,236287,18846,4abb56c7f923,indexsante_2026-08-27_1445.html.gz
2026-08-28T11:39:40Z,2026-08-28 06:45,2026-08-28 06:45,54,236202,18692,e90bea1768b2,indexsante_2026-08-28_0645.html.gz
2026-08-28T21:31:51Z,2026-08-28 16:46,2026-08-28 16:46,45,236255,18812,84e847ba32a4,indexsante_2026-08-28_1646.html.gz
2026-08-29T03:17:12Z,2026-08-28 20:45,2026-08-28 20:45,152,236221,18787,84180f3c7da1,indexsante_2026-08-28_2045.html.gz
2026-08-29T10:08:38Z,2026-08-29 05:45,2026-08-29 05:45,23,236185,18690,35b6e8069a3e,indexsante_2026-08-29_0545.html.gz
2026-08-29T15:05:06Z,2026-08-29 10:45,2026-08-29 10:45,20,236222,18811,bec2281f4b6f,indexsante_2026-08-29_1045.html.gz
2026-08-29T18:21:22Z,2026-08-29 13:45,2026-08-29 13:45,36,236242,18812,60ec7acd5cab,indexsante_2026-08-29_1345.html.gz
2026-08-29T21:04:36Z,2026-08-29 15:45,2026-08-29 15:45,79,236230,18799,a54ee5351ab6,indexsante_2026-08-29_1545.html.gz
2026-08-29T23:13:11Z,2026-08-29 17:45,2026-08-29 17:45,88,236135,18725,ed48fb79fe4c,indexsante_2026-08-29_1745.html.gz
2026-08-30T01:15:34Z,2026-08-29 20:45,2026-08-29 20:45,30,236214,18782,e19ba3750273,indexsante_2026-08-29_2045.html.gz
2026-08-30T06:41:08Z,2026-08-30 01:45,2026-08-30 01:45,56,236195,18693,5becb9b85558,indexsante_2026-08-30_0145.html.gz
2026-08-30T12:15:13Z,2026-08-30 07:45,2026-08-30 07:45,30,236200,18718,7bfb9e1814b2,indexsante_2026-08-30_0745.html.gz
2026-08-30T16:41:27Z,2026-08-30 11:45,2026-08-30 11:45,56,236240,18758,97b0429987af,indexsante_2026-08-30_1145.html.gz
2026-08-30T19:28:01Z,2026-08-30 14:45,2026-08-30 14:45,43,233781,18690,a215d9a59884,indexsante_2026-08-30_1445.html.gz
2026-08-30T21:58:23Z,2026-08-30 17:45,2026-08-30 17:45,13,236227,18823,edeaf0636754,indexsante_2026-08-30_1745.html.gz
2026-08-31T00:14:38Z,2026-08-30 19:45,2026-08-30 19:45,29,236224,18815,270c649b5c15,indexsante_2026-08-30_1945.html.gz
2026-08-31T05:36:00Z,2026-08-30 23:45,2026-08-30 23:45,111,236205,18744,777f9e9c317c,indexsante_2026-08-30_2345.html.gz
2026-08-31T11:51:02Z,2026-08-31 07:45,2026-08-31 07:45,6,236185,18705,3a05b1d40c30,indexsante_2026-08-31_0745.html.gz
2026-08-31T18:53:45Z,2026-08-31 14:45,2026-08-31 14:45,8,236265,18834,027b243b02d6,indexsante_2026-08-31_1445.html.gz
2026-08-31T23:08:17Z,2026-08-31 16:45,2026-08-31 16:45,143,236277,18818,49c1a7d62f74,indexsante_2026-08-31_1645.html.gz
2026-09-01T02:31:16Z,2026-08-31 19:45,2026-08-31 19:45,166,236252,18821,e76cea8aa5ac,indexsante_2026-08-31_1945.html.gz
2026-09-01T08:05:11Z,2026-09-01 00:45,2026-09-01 00:45,200,236208,18721,44addd5b5b72,indexsante_2026-09-01_0045.html.gz
2026-09-01T13:34:37Z,2026-09-01 08:45,2026-09-01 08:45,49,236208,18758,1e38aeea9216,indexsante_2026-09-01_0845.html.gz
2026-09-01T17:29:53Z,2026-09-01 12:45,2026-09-01 12:45,44,236272,18795,48e74e11651c,indexsante_2026-09-01_1245.html.gz
2026-09-01T20:16:36Z,2026-09-01 14:45,2026-09-01 14:45,91,236779,18814,57ac700ff8df,indexsante_2026-09-01_1445.html.gz
2026-09-01T22:41:07Z,2026-09-01 17:45,2026-09-01 17:45,56,236769,18817,631b28a6068f,indexsante_2026-09-01_1745.html.gz
2026-09-02T00:39:10Z,2026-09-01 19:45,2026-09-01 19:45,54,236753,18798,b9b3afe13bec,indexsante_2026-09-01_1945.html.gz
2026-09-02T05:14:07Z,2026-09-01 22:45,2026-09-01 22:45,149,236831,18769,f74cd315b04e,indexsante_2026-09-01_2245.html.gz
2026-09-02T09:46:09Z,2026-09-02 01:45,2026-09-02 01:45,241,236708,18720,60e58cc3affa,indexsante_2026-09-02_0145.html.gz
2026-09-02T13:56:40Z,2026-09-02 08:45,2026-09-02 08:45,71,236704,18720,5aa77ccdcdbd,indexsante_2026-09-02_0845.html.gz
2026-09-02T17:57:21Z,2026-09-02 12:45,2026-09-02 12:45,72,236772,18801,d06b7a3dc924,indexsante_2026-09-02_1245.html.gz
2026-09-02T21:25:33Z,2026-09-02 16:45,2026-09-02 16:45,40,236670,18779,fb49c7dd28b5,indexsante_2026-09-02_1645.html.gz
2026-09-02T23:40:04Z,2026-09-02 18:45,2026-09-02 18:45,55,236770,18799,5dbc1070a7f1,indexsante_2026-09-02_1845.html.gz
2026-09-03T01:53:15Z,2026-09-02 20:45,2026-09-02 20:45,68,236747,18867,3afbd5cdeff2,indexsante_2026-09-02_2045.html.gz
2026-09-03T06:49:32Z,2026-09-02 23:45,2026-09-02 23:45,184,236734,18800,5893b3f5fc10,indexsante_2026-09-02_2345.html.gz
2026-09-03T15:24:15Z,2026-09-03 10:45,2026-09-03 10:45,39,236656,18683,192e35bddf82,indexsante_2026-09-03_1045.html.gz
2026-09-03T18:57:34Z,2026-09-03 12:45,2026-09-03 12:45,132,236661,18705,bea9b565cec2,indexsante_2026-09-03_1245.html.gz
2026-09-03T21:58:41Z,2026-09-03 16:45,2026-09-03 16:45,73,236771,18833,8b9d060ae3f3,indexsante_2026-09-03_1645.html.gz
2026-09-04T05:12:13Z,2026-09-03 23:45,2026-09-03 23:45,87,236721,18753,bf2a941091a2,indexsante_2026-09-03_2345.html.gz
2026-09-04T10:06:14Z,2026-09-04 05:45,2026-09-04 05:45,21,236689,18715,22550391c32a,indexsante_2026-09-04_0545.html.gz
2026-09-04T14:36:35Z,2026-09-04 09:45,2026-09-04 09:45,51,236733,18788,c59d2c19e521,indexsante_2026-09-04_0945.html.gz
2026-09-04T17:53:10Z,2026-09-04 13:45,2026-09-04 13:45,8,236771,18840,64150105dd9b,indexsante_2026-09-04_1345.html.gz
2026-09-04T20:14:03Z,2026-09-04 15:45,2026-09-04 15:45,29,236776,18844,55e5cdf44db7,indexsante_2026-09-04_1545.html.gz
2026-09-04T22:37:08Z,2026-09-04 16:45,2026-09-04 16:45,112,236766,18810,31feda12a89c,indexsante_2026-09-04_1645.html.gz
2026-09-05T09:35:49Z,2026-09-05 03:45,2026-09-05 03:45,110,236705,18660,b7425db99c04,indexsante_2026-09-05_0345.html.gz
2026-09-05T13:06:06Z,2026-09-05 08:45,2026-09-05 08:45,21,236692,18703,c44a763a78f9,indexsante_2026-09-05_0845.html.gz
2026-09-05T16:21:58Z,2026-09-05 11:45,2026-09-05 11:45,36,236726,18778,0e33edb74b1a,indexsante_2026-09-05_1145.html.gz
2026-09-05T18:39:33Z,2026-09-05 13:45,2026-09-05 13:45,54,236645,18741,0a641863e512,indexsante_2026-09-05_1345.html.gz
2026-09-05T20:48:03Z,2026-09-05 15:45,2026-09-05 15:45,63,236744,18801,09f69c094cdf,indexsante_2026-09-05_1545.html.gz
2026-09-05T22:26:43Z,2026-09-05 17:45,2026-09-05 17:45,41,236718,18780,9e692112327d,indexsante_2026-09-05_1745.html.gz
2026-09-06T00:21:03Z,2026-09-05 18:45,2026-09-05 18:45,96,236602,18701,aa0f971fd05a,indexsante_2026-09-05_1845.html.gz
2026-09-06T05:15:37Z,2026-09-05 21:45,2026-09-05 21:45,210,234976,18697,a5322ee2db45,indexsante_2026-09-05_2145.html.gz
2026-09-06T09:50:23Z,2026-09-06 03:45,2026-09-06 03:45,125,234949,18619,74a614171054,indexsante_2026-09-06_0345.html.gz
2026-09-06T13:16:11Z,2026-09-06 08:45,2026-09-06 08:45,31,234965,18714,28a74bba9a21,indexsante_2026-09-06_0845.html.gz
2026-09-06T14:32:22Z,2026-09-06 09:45,2026-09-06 09:45,47,234965,18707,c0c62fb77007,indexsante_2026-09-06_0945.html.gz
2026-09-06T15:01:36Z,2026-09-06 10:45,2026-09-06 10:45,16,234963,18730,4e6f0d2d9c38,indexsante_2026-09-06_1045.html.gz
2026-09-06T15:55:16Z,2026-09-06 11:45,2026-09-06 11:45,10,234984,18778,740c69d51037,indexsante_2026-09-06_1145.html.gz
2026-09-06T17:55:16Z,2026-09-06 13:45,2026-09-06 13:45,10,235001,18801,25d09bb5373a,indexsante_2026-09-06_1345.html.gz
2026-09-06T18:55:15Z,2026-09-06 14:45,2026-09-06 14:45,10,234995,18768,d727a9f60dcb,indexsante_2026-09-06_1445.html.gz
2026-09-06T20:55:22Z,2026-09-06 16:45,2026-09-06 16:45,10,235012,18774,236033d99dbb,indexsante_2026-09-06_1645.html.gz
2026-09-06T21:55:19Z,2026-09-06 17:45,2026-09-06 17:45,10,235004,18732,dab07cd54c15,indexsante_2026-09-06_1745.html.gz
2026-09-06T22:55:19Z,2026-09-06 18:45,2026-09-06 18:45,10,235003,18745,92f327cd11ac,indexsante_2026-09-06_1845.html.gz
2026-09-07T00:55:18Z,2026-09-06 20:45,2026-09-06 20:45,10,235001,18728,d649d49524dd,indexsante_2026-09-06_2045.html.gz
2026-09-07T01:55:18Z,2026-09-06 21:45,2026-09-06 21:45,10,234907,18737,f9b2cea7166b,indexsante_2026-09-06_2145.html.gz
2026-09-07T05:55:20Z,2026-09-07 01:45,2026-09-07 01:45,10,234966,18693,a22af25739d6,indexsante_2026-09-07_0145.html.gz
2026-09-07T09:55:22Z,2026-09-07 05:45,2026-09-07 05:45,10,234964,18663,aca82a9dc628,indexsante_2026-09-07_0545.html.gz
2026-09-07T10:55:20Z,2026-09-07 06:46,2026-09-07 06:46,9,234964,18660,c0f4ebc2bd4e,indexsante_2026-09-07_0646.html.gz
2026-09-07T11:55:19Z,2026-09-07 07:45,2026-09-07 07:45,10,234964,18696,2dbb41538e55,indexsante_2026-09-07_0745.html.gz
2026-09-07T13:55:20Z,2026-09-07 09:45,2026-09-07 09:45,10,234982,18735,66fb6d206282,indexsante_2026-09-07_0945.html.gz
2026-09-07T14:55:21Z,2026-09-07 10:45,2026-09-07 10:45,10,234906,18683,662d4dfda214,indexsante_2026-09-07_1045.html.gz
2026-09-07T15:55:27Z,2026-09-07 11:45,2026-09-07 11:45,10,235021,18761,b42807cbaa53,indexsante_2026-09-07_1145.html.gz
2026-09-07T18:55:20Z,2026-09-07 14:45,2026-09-07 14:45,10,234933,18723,c510787c9cb5,indexsante_2026-09-07_1445.html.gz
2026-09-07T20:55:20Z,2026-09-07 16:45,2026-09-07 16:45,10,235038,18790,b8e753c88731,indexsante_2026-09-07_1645.html.gz
2026-09-07T22:55:16Z,2026-09-07 18:45,2026-09-07 18:45,10,234935,18692,904b16efa859,indexsante_2026-09-07_1845.html.gz
2026-09-07T23:55:20Z,2026-09-07 19:45,2026-09-07 19:45,10,235037,18775,65eeed1fa37d,indexsante_2026-09-07_1945.html.gz
2026-09-08T00:55:22Z,2026-09-07 20:45,2026-09-07 20:45,10,234947,18737,8a7b438eb604,indexsante_2026-09-07_2045.html.gz
2026-09-08T01:55:17Z,2026-09-07 21:45,2026-09-07 21:45,10,235024,18751,478a23b3fd46,indexsante_2026-09-07_2145.html.gz
2026-09-08T03:55:20Z,2026-09-07 23:45,2026-09-07 23:45,10,234990,18683,363dc5176220,indexsante_2026-09-07_2345.html.gz
2026-09-08T04:55:16Z,2026-09-08 00:45,2026-09-08 00:45,10,232767,18576,121a2b9d3fa9,indexsante_2026-09-08_0045.html.gz
2026-09-08T08:55:22Z,2026-09-08 04:45,2026-09-08 04:45,10,234972,18650,9a9dd24506d2,indexsante_2026-09-08_0445.html.gz
2026-09-08T10:55:58Z,2026-09-08 06:45,2026-09-08 06:45,10,234982,18682,6988a39b4371,indexsante_2026-09-08_0645.html.gz
2026-09-08T11:55:17Z,2026-09-08 07:45,2026-09-08 07:45,10,234985,18697,f5b18568bb1a,indexsante_2026-09-08_0745.html.gz
2026-09-08T12:55:18Z,2026-09-08 08:45,2026-09-08 08:45,10,234996,18727,a8938d0cfeed,indexsante_2026-09-08_0845.html.gz
2026-09-08T13:55:19Z,2026-09-08 09:45,2026-09-08 09:45,10,235008,18757,cb17f4d716d5,indexsante_2026-09-08_0945.html.gz
2026-09-08T14:55:21Z,2026-09-08 10:45,2026-09-08 10:45,10,234939,18685,af023e2adee0,indexsante_2026-09-08_1045.html.gz
2026-09-08T15:55:28Z,2026-09-08 11:45,2026-09-08 11:45,10,235037,18808,e52727f7a056,indexsante_2026-09-08_1145.html.gz
2026-09-08T18:55:20Z,2026-09-08 14:45,2026-09-08 14:45,10,235077,18862,ed9a8a5ed2ac,indexsante_2026-09-08_1445.html.gz
2026-09-08T19:55:22Z,2026-09-08 15:46,2026-09-08 15:46,9,235070,18844,5f2f6840624c,indexsante_2026-09-08_1546.html.gz
2026-09-08T23:55:25Z,2026-09-08 19:45,2026-09-08 19:45,10,235054,18781,099079f84220,indexsante_2026-09-08_1945.html.gz
2026-09-09T01:55:20Z,2026-09-08 21:45,2026-09-08 21:45,10,235026,18730,7fe60823cbe5,indexsante_2026-09-08_2145.html.gz
2026-09-09T04:55:21Z,2026-09-09 00:45,2026-09-09 00:45,10,234987,18732,d467f3e28129,indexsante_2026-09-09_0045.html.gz
2026-09-09T05:55:33Z,2026-09-09 01:45,2026-09-09 01:45,10,234981,18733,7eff2002de49,indexsante_2026-09-09_0145.html.gz
2026-09-09T08:55:30Z,2026-09-09 04:45,2026-09-09 04:45,10,234967,18643,0ad3bab90dac,indexsante_2026-09-09_0445.html.gz
2026-09-09T11:55:20Z,2026-09-09 07:45,2026-09-09 07:45,10,234964,18722,ebb627833e6a,indexsante_2026-09-09_0745.html.gz
2026-09-09T12:55:29Z,2026-09-09 08:45,2026-09-09 08:45,10,234983,18754,470ca6e564e7,indexsante_2026-09-09_0845.html.gz
2026-09-09T13:55:20Z,2026-09-09 09:45,2026-09-09 09:45,10,234999,18757,e52ed10fcafd,indexsante_2026-09-09_0945.html.gz
2026-09-09T14:55:19Z,2026-09-09 10:45,2026-09-09 10:45,10,234930,18729,b6a5602f8a02,indexsante_2026-09-09_1045.html.gz
2026-09-09T15:55:43Z,2026-09-09 11:45,2026-09-09 11:45,10,235030,18779,8091feb756bd,indexsante_2026-09-09_1145.html.gz
2026-09-09T17:55:24Z,2026-09-09 13:45,2026-09-09 13:45,10,235049,18829,fab152829150,indexsante_2026-09-09_1345.html.gz
2026-09-09T18:55:21Z,2026-09-09 14:45,2026-09-09 14:45,10,235068,18863,054729fc14a6,indexsante_2026-09-09_1445.html.gz
2026-09-09T19:55:21Z,2026-09-09 15:45,2026-09-09 15:45,10,235058,18814,5b41881e2eae,indexsante_2026-09-09_1545.html.gz
2026-09-09T20:55:30Z,2026-09-09 16:45,2026-09-09 16:45,10,235058,18819,83f0bbb362de,indexsante_2026-09-09_1645.html.gz
2026-09-09T22:55:27Z,2026-09-09 18:45,2026-09-09 18:45,10,235043,18791,102ac54c171d,indexsante_2026-09-09_1845.html.gz
2026-09-09T23:55:24Z,2026-09-09 19:45,2026-09-09 19:45,10,234932,18675,a2fd0d3e310e,indexsante_2026-09-09_1945.html.gz
2026-09-10T00:55:23Z,2026-09-09 20:45,2026-09-09 20:45,10,235020,18731,2e4b96d2395c,indexsante_2026-09-09_2045.html.gz
2026-09-10T01:55:21Z,2026-09-09 21:45,2026-09-09 21:45,10,235008,18779,55d9448aa041,indexsante_2026-09-09_2145.html.gz
2026-09-10T02:55:23Z,2026-09-09 22:45,2026-09-09 22:45,10,234999,18729,466b5d3b7a2b,indexsante_2026-09-09_2245.html.gz
2026-09-10T04:55:29Z,2026-09-10 00:45,2026-09-10 00:45,10,234975,18679,e2329e539e1b,indexsante_2026-09-10_0045.html.gz
2026-09-10T06:55:28Z,2026-09-10 02:45,2026-09-10 02:45,10,234956,18655,3a48f312e4d9,indexsante_2026-09-10_0245.html.gz
2026-09-10T08:55:29Z,2026-09-10 04:45,2026-09-10 04:45,10,234958,18610,a6731e2031ff,indexsante_2026-09-10_0445.html.gz
2026-09-10T10:55:31Z,2026-09-10 06:45,2026-09-10 06:45,10,234949,18648,a06d1c798905,indexsante_2026-09-10_0645.html.gz
2026-09-10T11:55:31Z,2026-09-10 07:45,2026-09-10 07:45,10,234961,18670,c9a773f9a789,indexsante_2026-09-10_0745.html.gz
2026-09-10T12:55:31Z,2026-09-10 08:45,2026-09-10 08:45,10,234979,18716,7a9ac32f8748,indexsante_2026-09-10_0845.html.gz
2026-09-10T13:55:28Z,2026-09-10 09:45,2026-09-10 09:45,10,235002,18720,0e893eb16a83,indexsante_2026-09-10_0945.html.gz
2026-09-10T14:55:25Z,2026-09-10 10:45,2026-09-10 10:45,10,235021,18733,615311a7e528,indexsante_2026-09-10_1045.html.gz
2026-09-10T15:55:29Z,2026-09-10 11:45,2026-09-10 11:45,10,235022,18762,f33a78997942,indexsante_2026-09-10_1145.html.gz
2026-09-10T16:55:22Z,2026-09-10 12:45,2026-09-10 12:45,10,235033,18772,d4483f15d649,indexsante_2026-09-10_1245.html.gz
2026-09-10T17:55:24Z,2026-09-10 13:45,2026-09-10 13:45,10,235037,18758,6f90340cccba,indexsante_2026-09-10_1345.html.gz
2026-09-10T22:55:32Z,2026-09-10 18:45,2026-09-10 18:45,10,235028,18738,da5be3e0f237,indexsante_2026-09-10_1845.html.gz
2026-09-10T23:55:32Z,2026-09-10 19:45,2026-09-10 19:45,10,235016,18755,d825d6814fce,indexsante_2026-09-10_1945.html.gz
2026-09-11T03:55:26Z,2026-09-10 23:45,2026-09-10 23:45,10,234989,18698,1bc387dbf604,indexsante_2026-09-10_2345.html.gz
2026-09-11T05:55:36Z,2026-09-11 01:45,2026-09-11 01:45,10,234985,18661,371200dabacb,indexsante_2026-09-11_0145.html.gz
2026-09-11T07:55:46Z,2026-09-11 03:45,2026-09-11 03:45,10,234973,18630,29480a0ec5d5,indexsante_2026-09-11_0345.html.gz
2026-09-11T08:55:43Z,2026-09-11 04:45,2026-09-11 04:45,10,234962,18637,f8237c8ea3e3,indexsante_2026-09-11_0445.html.gz
2026-09-11T10:55:35Z,2026-09-11 06:45,2026-09-11 06:45,10,234961,18629,64153a9f6a29,indexsante_2026-09-11_0645.html.gz
2026-09-11T13:55:45Z,2026-09-11 09:45,2026-09-11 09:45,10,234991,18739,8f0f0db870dc,indexsante_2026-09-11_0945.html.gz
2026-09-11T14:55:44Z,2026-09-11 10:45,2026-09-11 10:45,10,235009,18748,24d66c01330d,indexsante_2026-09-11_1045.html.gz
2026-09-11T15:55:44Z,2026-09-11 11:45,2026-09-11 11:45,10,235024,18743,a283385013d2,indexsante_2026-09-11_1145.html.gz
2026-09-11T16:55:42Z,2026-09-11 12:45,2026-09-11 12:45,10,235030,18764,f3cff7bc00a8,indexsante_2026-09-11_1245.html.gz
2026-09-11T17:55:37Z,2026-09-11 13:45,2026-09-11 13:45,10,235035,18772,40c442f5598b,indexsante_2026-09-11_1345.html.gz
2026-09-11T18:55:37Z,2026-09-11 14:45,2026-09-11 14:45,10,235052,18760,7ecf42131610,indexsante_2026-09-11_1445.html.gz
2026-09-11T20:55:40Z,2026-09-11 16:45,2026-09-11 16:45,10,235054,18778,12d7293e22aa,indexsante_2026-09-11_1645.html.gz
2026-09-11T21:55:41Z,2026-09-11 17:45,2026-09-11 17:45,10,235034,18742,4c30676c7923,indexsante_2026-09-11_1745.html.gz
2026-09-12T01:55:43Z,2026-09-11 21:45,2026-09-11 21:45,10,235006,18695,619728715ead,indexsante_2026-09-11_2145.html.gz
2026-09-12T03:55:39Z,2026-09-11 23:45,2026-09-11 23:45,10,234984,18674,2a699d04a244,indexsante_2026-09-11_2345.html.gz
2026-09-12T04:55:49Z,2026-09-12 00:45,2026-09-12 00:45,10,234965,18682,a09b82ea7e0a,indexsante_2026-09-12_0045.html.gz
2026-09-12T09:55:47Z,2026-09-12 05:45,2026-09-12 05:45,10,234946,18631,db7c048e873e,indexsante_2026-09-12_0545.html.gz
2026-09-12T10:55:53Z,2026-09-12 06:45,2026-09-12 06:45,10,234948,18618,63e18c86a4e2,indexsante_2026-09-12_0645.html.gz
2026-09-12T11:55:44Z,2026-09-12 07:45,2026-09-12 07:45,10,234948,18658,0027184c5c0e,indexsante_2026-09-12_0745.html.gz
2026-09-12T12:55:47Z,2026-09-12 08:45,2026-09-12 08:45,10,234950,18666,b7a99939d8a3,indexsante_2026-09-12_0845.html.gz
2026-09-12T13:55:54Z,2026-09-12 09:45,2026-09-12 09:45,10,234964,18694,334a0d80f97f,indexsante_2026-09-12_0945.html.gz
2026-09-12T14:56:00Z,2026-09-12 10:45,2026-09-12 10:45,11,234878,18660,2ffc9dafdd28,indexsante_2026-09-12_1045.html.gz
2026-09-12T15:55:48Z,2026-09-12 11:45,2026-09-12 11:45,10,234979,18750,17c0f0509b0e,indexsante_2026-09-12_1145.html.gz
2026-09-12T16:55:51Z,2026-09-12 12:45,2026-09-12 12:45,10,235001,18744,9a10fc8baa46,indexsante_2026-09-12_1245.html.gz
2026-09-12T17:55:56Z,2026-09-12 13:45,2026-09-12 13:45,10,234899,18686,904dc24ce6d5,indexsante_2026-09-12_1345.html.gz
2026-09-12T19:55:58Z,2026-09-12 15:45,2026-09-12 15:45,10,234979,18769,b73e809ce944,indexsante_2026-09-12_1545.html.gz
2026-09-12T20:56:53Z,2026-09-12 16:45,2026-09-12 16:45,11,234986,18739,e47735db3f77,indexsante_2026-09-12_1645.html.gz
2026-09-12T21:55:54Z,2026-09-12 17:45,2026-09-12 17:45,10,234982,18727,22bade4e66af,indexsante_2026-09-12_1745.html.gz
2026-09-12T23:55:59Z,2026-09-12 19:45,2026-09-12 19:45,10,234971,18736,fd8264e0d09e,indexsante_2026-09-12_1945.html.gz
2026-09-13T01:55:55Z,2026-09-12 21:45,2026-09-12 21:45,10,234964,18703,83869c63bcc3,indexsante_2026-09-12_2145.html.gz
2026-09-13T03:55:56Z,2026-09-12 23:45,2026-09-12 23:45,10,234978,18699,a6b5c187005c,indexsante_2026-09-12_2345.html.gz
2026-09-13T04:55:30Z,2026-09-13 00:46,2026-09-13 00:46,9,234976,18698,bb65e68f4c87,indexsante_2026-09-13_0046.html.gz
2026-09-13T05:55:36Z,2026-09-13 01:45,2026-09-13 01:45,10,234975,18692,7a18a071e518,indexsante_2026-09-13_0145.html.gz
2026-09-13T07:55:32Z,2026-09-13 03:45,2026-09-13 03:45,10,234962,18653,cb0260f8facb,indexsante_2026-09-13_0345.html.gz
2026-09-13T09:55:37Z,2026-09-13 05:45,2026-09-13 05:45,10,234958,18656,319690834591,indexsante_2026-09-13_0545.html.gz
2026-09-13T11:55:34Z,2026-09-13 07:45,2026-09-13 07:45,10,234967,18688,14dfa7085bd9,indexsante_2026-09-13_0745.html.gz
2026-09-13T12:55:39Z,2026-09-13 08:45,2026-09-13 08:45,10,234977,18710,2aa9239b00a8,indexsante_2026-09-13_0845.html.gz
2026-09-13T14:55:39Z,2026-09-13 10:45,2026-09-13 10:45,10,234909,18685,4bee6afa125d,indexsante_2026-09-13_1045.html.gz
2026-09-13T15:55:42Z,2026-09-13 11:45,2026-09-13 11:45,10,235013,18800,4d8f4e4d250d,indexsante_2026-09-13_1145.html.gz
2026-09-13T17:55:43Z,2026-09-13 13:45,2026-09-13 13:45,10,235024,18809,5aff3eb80829,indexsante_2026-09-13_1345.html.gz
2026-09-13T18:55:46Z,2026-09-13 14:45,2026-09-13 14:45,10,235024,18780,f1dc6e5c25e5,indexsante_2026-09-13_1445.html.gz
2026-09-13T19:56:21Z,2026-09-13 15:45,2026-09-13 15:45,11,235012,18762,e0a243e8877d,indexsante_2026-09-13_1545.html.gz
2026-09-13T20:55:46Z,2026-09-13 16:45,2026-09-13 16:45,10,235004,18762,995bcd3d1584,indexsante_2026-09-13_1645.html.gz
2026-09-13T21:55:53Z,2026-09-13 17:45,2026-09-13 17:45,10,235007,18790,dd04b02ab006,indexsante_2026-09-13_1745.html.gz
2026-09-13T22:55:57Z,2026-09-13 18:45,2026-09-13 18:45,10,235011,18786,917d67ebafa7,indexsante_2026-09-13_1845.html.gz
2026-09-14T01:55:54Z,2026-09-13 21:45,2026-09-13 21:45,10,234986,18754,58da54a4951b,indexsante_2026-09-13_2145.html.gz
2026-09-14T03:55:49Z,2026-09-13 23:45,2026-09-13 23:45,10,234973,18712,a2c25aeca7eb,indexsante_2026-09-13_2345.html.gz
2026-09-14T04:56:04Z,2026-09-14 00:45,2026-09-14 00:45,11,234976,18677,a53232422d0a,indexsante_2026-09-14_0045.html.gz
2026-09-14T05:55:57Z,2026-09-14 01:45,2026-09-14 01:45,10,234975,18679,c363395eff7e,indexsante_2026-09-14_0145.html.gz
2026-09-14T07:56:00Z,2026-09-14 03:45,2026-09-14 03:45,11,234962,18661,b10e69049297,indexsante_2026-09-14_0345.html.gz
2026-09-14T09:56:01Z,2026-09-14 05:45,2026-09-14 05:45,11,234962,18622,bd5ba4dc1aa8,indexsante_2026-09-14_0545.html.gz
2026-09-14T10:55:55Z,2026-09-14 06:45,2026-09-14 06:45,10,234974,18657,2633f20a30fd,indexsante_2026-09-14_0645.html.gz
2026-09-14T11:55:55Z,2026-09-14 07:45,2026-09-14 07:45,10,234975,18689,abc89bc10c59,indexsante_2026-09-14_0745.html.gz
2026-09-14T12:55:59Z,2026-09-14 08:45,2026-09-14 08:45,10,234989,18734,d0ddc0caaa0c,indexsante_2026-09-14_0845.html.gz
2026-09-14T14:56:06Z,2026-09-14 10:45,2026-09-14 10:45,11,235041,18776,ab91087ed818,indexsante_2026-09-14_1045.html.gz
2026-09-14T15:56:04Z,2026-09-14 11:45,2026-09-14 11:45,11,235748,19172,129ec76c83cb,indexsante_2026-09-14_1145.html.gz
2026-09-14T16:56:14Z,2026-09-14 12:45,2026-09-14 12:45,11,235757,19216,d9fa0c8c8b6b,indexsante_2026-09-14_1245.html.gz
2026-09-14T17:56:22Z,2026-09-14 13:45,2026-09-14 13:45,11,235766,19213,b2601c7e91b8,indexsante_2026-09-14_1345.html.gz
2026-09-14T18:56:02Z,2026-09-14 14:45,2026-09-14 14:45,11,235774,19172,441b6e12f220,indexsante_2026-09-14_1445.html.gz
2026-09-14T19:56:19Z,2026-09-14 15:45,2026-09-14 15:45,11,235765,19186,d94518470d31,indexsante_2026-09-14_1545.html.gz
2026-09-14T21:56:06Z,2026-09-14 17:45,2026-09-14 17:45,11,235750,19148,bfdf7ec2c273,indexsante_2026-09-14_1745.html.gz
2026-09-14T22:56:07Z,2026-09-14 18:45,2026-09-14 18:45,11,235738,19151,baf2087dcd68,indexsante_2026-09-14_1845.html.gz
2026-09-14T23:56:04Z,2026-09-14 19:45,2026-09-14 19:45,11,235726,19131,35f0847b0021,indexsante_2026-09-14_1945.html.gz
2026-09-15T00:56:04Z,2026-09-14 20:45,2026-09-14 20:45,11,235716,19114,285021905075,indexsante_2026-09-14_2045.html.gz
2026-09-15T01:56:08Z,2026-09-14 21:45,2026-09-14 21:45,11,235721,19126,906900e5ad85,indexsante_2026-09-14_2145.html.gz
2026-09-15T04:56:46Z,2026-09-15 00:45,2026-09-15 00:45,11,235677,19077,493b1abd7083,indexsante_2026-09-15_0045.html.gz
2026-09-15T07:55:34Z,2026-09-15 03:45,2026-09-15 03:45,10,235651,19056,2efbc69c5c78,indexsante_2026-09-15_0345.html.gz
2026-09-15T11:56:31Z,2026-09-15 07:46,2026-09-15 07:46,10,235658,19086,8f64a1d8d9f2,indexsante_2026-09-15_0746.html.gz
2026-09-15T12:55:37Z,2026-09-15 08:45,2026-09-15 08:45,10,235670,19102,b051a0254f1d,indexsante_2026-09-15_0845.html.gz
2026-09-15T13:55:47Z,2026-09-15 09:45,2026-09-15 09:45,10,235711,19141,9313b7c023d5,indexsante_2026-09-15_0945.html.gz
2026-09-15T14:55:50Z,2026-09-15 10:45,2026-09-15 10:45,10,235627,19124,dba5d0e3e421,indexsante_2026-09-15_1045.html.gz
2026-09-15T16:55:48Z,2026-09-15 12:45,2026-09-15 12:45,10,235654,19126,f7a74c622a35,indexsante_2026-09-15_1245.html.gz
2026-09-15T17:55:49Z,2026-09-15 13:45,2026-09-15 13:45,10,235746,19233,857ed4c7e1c7,indexsante_2026-09-15_1345.html.gz
2026-09-15T19:55:51Z,2026-09-15 15:45,2026-09-15 15:45,10,235735,19241,59d9a90ef5eb,indexsante_2026-09-15_1545.html.gz
2026-09-15T21:55:59Z,2026-09-15 17:45,2026-09-15 17:45,10,235655,19162,a90408801efd,indexsante_2026-09-15_1745.html.gz
2026-09-15T22:56:15Z,2026-09-15 18:45,2026-09-15 18:45,11,235717,19174,4597504754b4,indexsante_2026-09-15_1845.html.gz
2026-09-16T03:55:57Z,2026-09-15 21:45,2026-09-15 21:45,130,235703,19171,1e957def73e8,indexsante_2026-09-15_2145.html.gz
2026-09-16T05:56:54Z,2026-09-16 01:45,2026-09-16 01:45,11,237418,19170,b505c389d94e,indexsante_2026-09-16_0145.html.gz
2026-09-16T07:56:10Z,2026-09-16 03:45,2026-09-16 03:45,11,237401,19153,3bb1f89b8c19,indexsante_2026-09-16_0345.html.gz
2026-09-16T09:56:07Z,2026-09-16 05:45,2026-09-16 05:45,11,237399,19110,d0c6e0e8011b,indexsante_2026-09-16_0545.html.gz
2026-09-16T10:55:59Z,2026-09-16 06:45,2026-09-16 06:45,10,237400,19139,5946c4f91bf0,indexsante_2026-09-16_0645.html.gz
2026-09-16T11:56:07Z,2026-09-16 07:45,2026-09-16 07:45,11,237400,19143,8f90fa0c4ac6,indexsante_2026-09-16_0745.html.gz
2026-09-16T12:56:14Z,2026-09-16 08:45,2026-09-16 08:45,11,237415,19198,60211e31a3f9,indexsante_2026-09-16_0845.html.gz
2026-09-16T13:56:13Z,2026-09-16 09:45,2026-09-16 09:45,11,237430,19248,28a5953b891c,indexsante_2026-09-16_0945.html.gz
2026-09-16T14:56:07Z,2026-09-16 10:45,2026-09-16 10:45,11,237453,19290,27dbb3c68af2,indexsante_2026-09-16_1045.html.gz
2026-09-16T15:56:31Z,2026-09-16 11:45,2026-09-16 11:45,11,237462,19293,072b3d9e10ba,indexsante_2026-09-16_1145.html.gz
2026-09-16T16:56:11Z,2026-09-16 12:45,2026-09-16 12:45,11,237489,19271,6eb21243da51,indexsante_2026-09-16_1245.html.gz
2026-09-16T17:56:16Z,2026-09-16 13:45,2026-09-16 13:45,11,237511,19286,624ca217ab88,indexsante_2026-09-16_1345.html.gz
2026-09-16T18:56:10Z,2026-09-16 14:45,2026-09-16 14:45,11,237512,19283,4752aa60f1be,indexsante_2026-09-16_1445.html.gz
2026-09-16T19:56:17Z,2026-09-16 15:45,2026-09-16 15:45,11,237514,19299,0a302448c341,indexsante_2026-09-16_1545.html.gz
2026-09-16T20:56:21Z,2026-09-16 16:45,2026-09-16 16:45,11,237501,19315,650e7a241905,indexsante_2026-09-16_1645.html.gz
2026-09-16T21:56:16Z,2026-09-16 17:45,2026-09-16 17:45,11,237488,19237,e9e568ed702a,indexsante_2026-09-16_1745.html.gz
2026-09-16T23:56:17Z,2026-09-16 19:45,2026-09-16 19:45,11,237469,19255,a64bdd621a9d,indexsante_2026-09-16_1945.html.gz
2026-09-17T00:56:24Z,2026-09-16 20:45,2026-09-16 20:45,11,237471,19233,21923bda820b,indexsante_2026-09-16_2045.html.gz
2026-09-17T01:56:49Z,2026-09-16 21:45,2026-09-16 21:45,11,237461,19212,3b73757922f8,indexsante_2026-09-16_2145.html.gz
2026-09-17T03:56:17Z,2026-09-16 23:45,2026-09-16 23:45,11,237451,19194,0bbab7d1af4c,indexsante_2026-09-16_2345.html.gz
2026-09-17T04:57:35Z,2026-09-17 00:45,2026-09-17 00:45,12,237431,19156,f915d9277551,indexsante_2026-09-17_0045.html.gz
2026-09-17T06:56:22Z,2026-09-17 02:45,2026-09-17 02:45,11,237419,19191,81551af93d2b,indexsante_2026-09-17_0245.html.gz
2026-09-17T08:56:23Z,2026-09-17 04:45,2026-09-17 04:45,11,237406,19154,d3cdaee777b0,indexsante_2026-09-17_0445.html.gz
2026-09-17T09:56:26Z,2026-09-17 05:45,2026-09-17 05:45,11,237401,19144,5e5098fdad8f,indexsante_2026-09-17_0545.html.gz
2026-09-17T10:56:18Z,2026-09-17 06:45,2026-09-17 06:45,11,237406,19137,bbb19860cc3e,indexsante_2026-09-17_0645.html.gz
2026-09-17T12:56:34Z,2026-09-17 08:45,2026-09-17 08:45,11,237410,19205,b1f85f2f7641,indexsante_2026-09-17_0845.html.gz
2026-09-17T14:56:39Z,2026-09-17 10:46,2026-09-17 10:46,10,237534,19243,6a687b6c8093,indexsante_2026-09-17_1046.html.gz
2026-09-17T16:56:27Z,2026-09-17 12:45,2026-09-17 12:45,11,237471,19305,cb2e264f996f,indexsante_2026-09-17_1245.html.gz
2026-09-17T18:56:36Z,2026-09-17 14:45,2026-09-17 14:45,11,237491,19282,cf170cbaa1e2,indexsante_2026-09-17_1445.html.gz
2026-09-17T19:56:53Z,2026-09-17 15:45,2026-09-17 15:45,11,237496,19295,7e2429b5950b,indexsante_2026-09-17_1545.html.gz
2026-09-17T21:56:41Z,2026-09-17 17:45,2026-09-17 17:45,11,237477,19278,90d768e8568c,indexsante_2026-09-17_1745.html.gz
2026-09-17T23:56:36Z,2026-09-17 19:45,2026-09-17 19:45,11,234993,19154,685dc2ec5d1b,indexsante_2026-09-17_1945.html.gz
2026-09-18T00:56:35Z,2026-09-17 20:45,2026-09-17 20:45,11,234993,19138,f8c31c76658c,indexsante_2026-09-17_2045.html.gz
2026-09-18T01:56:31Z,2026-09-17 21:46,2026-09-17 21:46,10,235065,19175,0d97fb5f4649,indexsante_2026-09-17_2146.html.gz
2026-09-18T03:56:32Z,2026-09-17 23:45,2026-09-17 23:45,11,237422,19175,9367721b7280,indexsante_2026-09-17_2345.html.gz
2026-09-18T05:56:39Z,2026-09-18 01:45,2026-09-18 01:45,11,237424,19120,1c64d53e9c1c,indexsante_2026-09-18_0145.html.gz
2026-09-18T06:56:38Z,2026-09-18 02:45,2026-09-18 02:45,11,237415,19067,2629c870ee5e,indexsante_2026-09-18_0245.html.gz
2026-09-18T07:56:38Z,2026-09-18 03:45,2026-09-18 03:45,11,237406,19091,23fbd4907b2c,indexsante_2026-09-18_0345.html.gz
2026-09-18T09:56:41Z,2026-09-18 05:45,2026-09-18 05:45,11,237398,19057,96a729af574d,indexsante_2026-09-18_0545.html.gz
2026-09-18T10:56:44Z,2026-09-18 06:45,2026-09-18 06:45,11,237403,19103,979698ede514,indexsante_2026-09-18_0645.html.gz
2026-09-18T11:56:35Z,2026-09-18 07:45,2026-09-18 07:45,11,237407,19106,5a7a8d340ed7,indexsante_2026-09-18_0745.html.gz
2026-09-18T12:56:38Z,2026-09-18 08:45,2026-09-18 08:45,11,237417,19147,dfdae6b90a6e,indexsante_2026-09-18_0845.html.gz
2026-09-18T14:56:54Z,2026-09-18 10:45,2026-09-18 10:45,11,237360,19147,85a2f0bfb4e2,indexsante_2026-09-18_1045.html.gz
2026-09-18T15:56:54Z,2026-09-18 11:45,2026-09-18 11:45,11,237454,19200,298e09a4e280,indexsante_2026-09-18_1145.html.gz
2026-09-18T17:56:39Z,2026-09-18 13:45,2026-09-18 13:45,11,237490,19248,f59699aee3da,indexsante_2026-09-18_1345.html.gz
2026-09-18T18:56:41Z,2026-09-18 14:45,2026-09-18 14:45,11,235029,19153,86724c00ab7d,indexsante_2026-09-18_1445.html.gz
2026-09-18T19:56:43Z,2026-09-18 15:45,2026-09-18 15:45,11,234918,19058,81d43a86cdc4,indexsante_2026-09-18_1545.html.gz
2026-09-18T21:56:50Z,2026-09-18 17:45,2026-09-18 17:45,11,235015,19107,6762b92ede2e,indexsante_2026-09-18_1745.html.gz
2026-09-18T22:56:52Z,2026-09-18 18:45,2026-09-18 18:45,11,234996,19044,fd7a150a5154,indexsante_2026-09-18_1845.html.gz
2026-09-18T23:56:58Z,2026-09-18 19:45,2026-09-18 19:45,11,237447,19155,b888ba968850,indexsante_2026-09-18_1945.html.gz
2026-09-19T01:56:44Z,2026-09-18 21:45,2026-09-18 21:45,11,237323,19167,21336d8ce45d,indexsante_2026-09-18_2145.html.gz
2026-09-19T02:56:48Z,2026-09-18 22:45,2026-09-18 22:45,11,237401,19166,f5dac99240c8,indexsante_2026-09-18_2245.html.gz
2026-09-19T03:56:42Z,2026-09-18 23:45,2026-09-18 23:45,11,237398,19113,ca437380ba12,indexsante_2026-09-18_2345.html.gz
2026-09-19T05:56:53Z,2026-09-19 01:45,2026-09-19 01:45,11,237377,19160,d76316113d18,indexsante_2026-09-19_0145.html.gz
2026-09-19T06:56:51Z,2026-09-19 02:45,2026-09-19 02:45,11,237387,19142,51b53a6462c6,indexsante_2026-09-19_0245.html.gz
2026-09-19T07:57:01Z,2026-09-19 03:45,2026-09-19 03:45,12,237380,19096,22877593de33,indexsante_2026-09-19_0345.html.gz
2026-09-19T08:56:53Z,2026-09-19 04:45,2026-09-19 04:45,11,237378,19110,84fbf1e83704,indexsante_2026-09-19_0445.html.gz
2026-09-19T10:57:03Z,2026-09-19 06:45,2026-09-19 06:45,12,237369,19103,0fdda4ca646f,indexsante_2026-09-19_0645.html.gz
2026-09-19T11:56:56Z,2026-09-19 07:45,2026-09-19 07:45,11,237372,19126,fd3b57f7c145,indexsante_2026-09-19_0745.html.gz
2026-09-19T12:56:59Z,2026-09-19 08:45,2026-09-19 08:45,11,237395,19126,8f0e21a1e986,indexsante_2026-09-19_0845.html.gz
2026-09-19T13:57:29Z,2026-09-19 09:45,2026-09-19 09:45,12,237395,19176,95b095602c04,indexsante_2026-09-19_0945.html.gz
2026-09-19T14:56:59Z,2026-09-19 10:45,2026-09-19 10:45,11,237418,19198,a89650914def,indexsante_2026-09-19_1045.html.gz
2026-09-19T15:56:59Z,2026-09-19 11:45,2026-09-19 11:45,11,237429,19192,7d6d59ed67a6,indexsante_2026-09-19_1145.html.gz
2026-09-19T16:57:09Z,2026-09-19 12:45,2026-09-19 12:45,12,237432,19207,23f3788dbc92,indexsante_2026-09-19_1245.html.gz
2026-09-19T17:56:59Z,2026-09-19 13:45,2026-09-19 13:45,11,237436,19238,1c6b84ba923d,indexsante_2026-09-19_1345.html.gz
2026-09-19T18:57:12Z,2026-09-19 14:45,2026-09-19 14:45,12,237435,19243,2d77876e4ebd,indexsante_2026-09-19_1445.html.gz
2026-09-19T19:57:33Z,2026-09-19 15:45,2026-09-19 15:45,12,237430,19198,6cf4619cc4c9,indexsante_2026-09-19_1545.html.gz
2026-09-19T21:56:55Z,2026-09-19 16:45,2026-09-19 16:45,71,237407,19246,6bf8ff61642e,indexsante_2026-09-19_1645.html.gz
2026-09-19T23:56:51Z,2026-09-19 19:45,2026-09-19 19:45,11,237382,19192,ca6cdd1b4a0f,indexsante_2026-09-19_1945.html.gz
2026-09-20T00:57:04Z,2026-09-19 20:45,2026-09-19 20:45,12,237408,19188,d0ab965d5030,indexsante_2026-09-19_2045.html.gz
2026-09-20T01:56:54Z,2026-09-19 21:45,2026-09-19 21:45,11,237398,19193,c87beee75216,indexsante_2026-09-19_2145.html.gz
2026-09-20T02:56:56Z,2026-09-19 22:45,2026-09-19 22:45,11,237402,19187,7cef767e81ad,indexsante_2026-09-19_2245.html.gz
2026-09-20T03:56:51Z,2026-09-19 23:45,2026-09-19 23:45,11,237395,19163,7556d78304ac,indexsante_2026-09-19_2345.html.gz
2026-09-20T04:57:00Z,2026-09-20 00:45,2026-09-20 00:45,12,234922,19017,ce73373cd55a,indexsante_2026-09-20_0045.html.gz
2026-09-20T06:57:03Z,2026-09-20 02:45,2026-09-20 02:45,12,237376,19066,1d8422a522ad,indexsante_2026-09-20_0245.html.gz
2026-09-20T08:57:01Z,2026-09-20 04:45,2026-09-20 04:45,12,237376,19068,22959cb06330,indexsante_2026-09-20_0445.html.gz
2026-09-20T09:57:02Z,2026-09-20 05:45,2026-09-20 05:45,12,237382,19071,b9ce2087e8ef,indexsante_2026-09-20_0545.html.gz
2026-09-20T10:57:01Z,2026-09-20 06:45,2026-09-20 06:45,12,237381,19091,1d48f97b763e,indexsante_2026-09-20_0645.html.gz
2026-09-20T11:57:06Z,2026-09-20 07:46,2026-09-20 07:46,11,237391,19148,502acbba16c1,indexsante_2026-09-20_0746.html.gz
2026-09-20T12:57:03Z,2026-09-20 08:45,2026-09-20 08:45,12,237398,19135,dbac423cbdc6,indexsante_2026-09-20_0845.html.gz
2026-09-20T13:57:06Z,2026-09-20 09:46,2026-09-20 09:46,11,237413,19206,5485d5bcdab8,indexsante_2026-09-20_0946.html.gz
2026-09-20T16:57:19Z,2026-09-20 12:45,2026-09-20 12:45,12,237433,19188,3ac08cd405e0,indexsante_2026-09-20_1245.html.gz
2026-09-20T17:57:43Z,2026-09-20 13:45,2026-09-20 13:45,12,237440,19217,03d62906b637,indexsante_2026-09-20_1345.html.gz
2026-09-20T18:57:10Z,2026-09-20 14:45,2026-09-20 14:45,12,237441,19203,6c8b7fa679a3,indexsante_2026-09-20_1445.html.gz
2026-09-20T20:57:15Z,2026-09-20 16:45,2026-09-20 16:45,12,237432,19183,ec6dab45a540,indexsante_2026-09-20_1645.html.gz
2026-09-20T22:57:13Z,2026-09-20 18:45,2026-09-20 18:45,12,237429,19159,bd178ec4496f,indexsante_2026-09-20_1845.html.gz
2026-09-20T23:57:09Z,2026-09-20 19:45,2026-09-20 19:45,12,237418,19181,149afad8aefe,indexsante_2026-09-20_1945.html.gz
2026-09-21T01:57:21Z,2026-09-20 21:45,2026-09-20 21:45,12,237404,19166,3f4685dbf980,indexsante_2026-09-20_2145.html.gz
2026-09-21T02:57:15Z,2026-09-20 22:45,2026-09-20 22:45,12,237393,19161,af175e901fa7,indexsante_2026-09-20_2245.html.gz
2026-09-21T05:57:30Z,2026-09-21 01:45,2026-09-21 01:45,12,237368,19112,1a971b289718,indexsante_2026-09-21_0145.html.gz
2026-09-21T06:57:24Z,2026-09-21 02:45,2026-09-21 02:45,12,237363,19133,65d112ab06ab,indexsante_2026-09-21_0245.html.gz
2026-09-21T09:57:30Z,2026-09-21 05:45,2026-09-21 05:45,12,237363,19101,4fb111e4f8a8,indexsante_2026-09-21_0545.html.gz
2026-09-21T10:57:59Z,2026-09-21 06:45,2026-09-21 06:45,12,237366,19111,5e9ae2f52559,indexsante_2026-09-21_0645.html.gz
2026-09-21T11:57:31Z,2026-09-21 07:45,2026-09-21 07:45,12,237370,19133,7e548398d06e,indexsante_2026-09-21_0745.html.gz
2026-09-21T12:57:38Z,2026-09-21 08:45,2026-09-21 08:45,12,237387,19165,ac057eb3fcb5,indexsante_2026-09-21_0845.html.gz
2026-09-21T13:57:44Z,2026-09-21 09:45,2026-09-21 09:45,12,237402,19160,bb62c3c87389,indexsante_2026-09-21_0945.html.gz
2026-09-21T14:57:34Z,2026-09-21 10:45,2026-09-21 10:45,12,237350,19175,d3be9f77eef9,indexsante_2026-09-21_1045.html.gz
2026-09-21T16:57:39Z,2026-09-21 11:45,2026-09-21 11:45,72,237461,19224,72b2bd78a7e9,indexsante_2026-09-21_1145.html.gz
2026-09-21T17:58:14Z,2026-09-21 13:45,2026-09-21 13:45,13,237476,19214,fe0511b90395,indexsante_2026-09-21_1345.html.gz
2026-09-21T18:57:43Z,2026-09-21 14:45,2026-09-21 14:45,12,237379,19138,1e7e27ecdf56,indexsante_2026-09-21_1445.html.gz
2026-09-21T20:57:32Z,2026-09-21 16:45,2026-09-21 16:45,12,237465,19205,c44ea5df940c,indexsante_2026-09-21_1645.html.gz
2026-09-21T22:57:44Z,2026-09-21 17:45,2026-09-21 17:45,72,237461,19164,1fefac902a1b,indexsante_2026-09-21_1745.html.gz
2026-09-21T23:57:51Z,2026-09-21 19:45,2026-09-21 19:45,12,237444,19175,594da47f3c66,indexsante_2026-09-21_1945.html.gz
2026-09-22T00:57:34Z,2026-09-21 20:45,2026-09-21 20:45,12,237455,19181,9bf0d315e473,indexsante_2026-09-21_2045.html.gz
2026-09-22T01:57:38Z,2026-09-21 21:45,2026-09-21 21:45,12,237447,19176,afa34cd63cbb,indexsante_2026-09-21_2145.html.gz
2026-09-22T05:58:13Z,2026-09-22 01:45,2026-09-22 01:45,13,237409,19156,edd1eff7a573,indexsante_2026-09-22_0145.html.gz
2026-09-22T06:57:43Z,2026-09-22 02:45,2026-09-22 02:45,12,237405,19129,18f85a18d2ca,indexsante_2026-09-22_0245.html.gz
2026-09-22T07:57:42Z,2026-09-22 03:45,2026-09-22 03:45,12,237399,19076,fa7b42302c8a,indexsante_2026-09-22_0345.html.gz
2026-09-22T08:57:51Z,2026-09-22 04:45,2026-09-22 04:45,12,237387,19120,e9fbba784865,indexsante_2026-09-22_0445.html.gz
2026-09-22T09:58:28Z,2026-09-22 05:45,2026-09-22 05:45,13,237393,19094,c45db4453d45,indexsante_2026-09-22_0545.html.gz
2026-09-22T11:57:41Z,2026-09-22 07:45,2026-09-22 07:45,12,237398,19117,22ea2ae9c5ee,indexsante_2026-09-22_0745.html.gz
2026-09-22T12:57:48Z,2026-09-22 08:45,2026-09-22 08:45,12,237402,19161,d2cdac0cfd99,indexsante_2026-09-22_0845.html.gz
2026-09-22T13:57:33Z,2026-09-22 09:45,2026-09-22 09:45,12,237495,19182,6c8218a372c3,indexsante_2026-09-22_0945.html.gz
2026-09-22T15:57:24Z,2026-09-22 11:45,2026-09-22 11:45,12,237534,19229,83a83302caa9,indexsante_2026-09-22_1145.html.gz
2026-09-22T16:57:21Z,2026-09-22 12:45,2026-09-22 12:45,12,237453,19263,c57b7af21bcf,indexsante_2026-09-22_1245.html.gz
2026-09-22T17:57:39Z,2026-09-22 13:45,2026-09-22 13:45,12,237483,19249,d89a3eea95da,indexsante_2026-09-22_1345.html.gz
2026-09-22T18:57:28Z,2026-09-22 14:45,2026-09-22 14:45,12,237473,19242,2c60eac62b99,indexsante_2026-09-22_1445.html.gz
2026-09-22T21:57:25Z,2026-09-22 17:45,2026-09-22 17:45,12,237441,19225,529c53807557,indexsante_2026-09-22_1745.html.gz
2026-09-22T22:57:33Z,2026-09-22 18:45,2026-09-22 18:45,12,237447,19232,266e732bb7b6,indexsante_2026-09-22_1845.html.gz
2026-09-22T23:57:20Z,2026-09-22 19:45,2026-09-22 19:45,12,237445,19229,6c98ac4da4c0,indexsante_2026-09-22_1945.html.gz
2026-09-23T03:57:31Z,2026-09-22 23:45,2026-09-22 23:45,12,237428,19166,4a023562dbe4,indexsante_2026-09-22_2345.html.gz
2026-09-23T11:57:38Z,2026-09-23 07:45,2026-09-23 07:45,12,237436,19113,60586e3be0fa,indexsante_2026-09-23_0745.html.gz
2026-09-23T13:00:22Z,2026-09-23 08:45,2026-09-23 08:45,15,237440,19158,abd4c351d60c,indexsante_2026-09-23_0845.html.gz
2026-09-23T14:57:49Z,2026-09-23 10:45,2026-09-23 10:45,12,237376,19145,bcabed336c16,indexsante_2026-09-23_1045.html.gz
2026-09-23T16:57:45Z,2026-09-23 12:45,2026-09-23 12:45,12,237503,19218,b1a5f9709c4d,indexsante_2026-09-23_1245.html.gz
